,humidity,pressure,rain,lightAvg,lightMax,moisture,temperature
286,49.40972,1013.020833,0.0,4488.9103,54612,4.0,20.0
444,95.40151999999999,1006.499242,0.0,10.4848,4000,33.7197,26.08333
404,96.53520999999999,1011.6414789999999,67.5,4772.6625,54612,65.0423,25.6338
425,98.97248,686.7717431,18.0,1221.5882,4000,65.0,22.48624
842,92.30303,1016.089091,23474.25,430.0536,4000,71.0606,25.43434
133,61.923080000000006,789.3926922999999,3.0,1.0,4000,1.0,23.53846
518,67.8972,1025.544022,0.0,417.0392,4000,6.0,7.6729
755,58.619719999999994,1018.866831,80000.0,45463.9348,54612,77.0915,22.17606
711,93.87912,1009.379121,2814.75,2023.5472,6374,57.3846,23.23077
0,82.1875,1036.346875,6.75,5.5,4000,0.0,25.46875
667,99.0,1004.166905,0.0,245.0833,4000,52.1667,21.7381
595,98.83333,1015.949333,0.0,776.5652,6278,0.0,20.76667
420,95.46789,908.8221101,15.75,1057.557,4000,66.2752,25.51376
617,74.69565,1019.3913039999999,0.0,317.6222,4000,0.0,16.5
417,99.0,1010.227,0.0,465.0769,4000,64.0,24.85
675,96.13636,1012.602045,0.0,151.0,4000,51.9091,24.70455
172,83.14737,1010.748947,47.25,41.5735,4000,0.0,27.01053
125,80.20149,1022.414925,0.0,3020.8065,6569,0.3284,15.417910000000001
746,99.0,1017.204752,285.75,1916.8,9524,80.8723,17.056739999999998
873,64.97183000000001,1022.259859,24522.75,483.64,4000,100.0,17.74648
851,97.63218,1014.3567820000001,10062.0,175.1875,4000,66.8966,25.12644
90,87.72662,1020.0294960000001,315.0,6855.3286,54612,0.295,17.712229999999998
885,86.88971,1022.210515,43974.0,6009.4464,30888,42.5147,22.96324
181,81.82857,1016.471571,13.5,37.5758,4000,2.9,26.21429
274,68.13287,1018.983217,0.0,4488.9103,54612,4.2028,20.328670000000002
844,98.51515,1015.74404,243.0,153.5,4000,68.5859,23.929289999999998
69,85.64286,1016.66,0.0,4263.4459,11103,12.5357,23.328570000000003
291,53.67856999999999,1021.317857,0.0,4488.9103,54612,3.0,17.83036
131,64.97059,894.0100735,0.0,24.9873,4000,0.0882,26.860290000000003
300,76.79851,1053.3156720000002,0.0,4488.9103,54612,2.5373,15.00746
552,95.69230999999999,1009.087143,0.0,2380.1132,27180,0.0,24.87912
144,71.09023,1003.409624,24.75,9803.7342,54612,10.4211,29.08271
135,75.07463,893.6775372999999,13583.25,21.1111,4000,1.0,27.88806
164,90.16901,1009.857113,63.0,28.1644,4000,0.0,25.46479
28,99.0,1012.8359710000001,108.0,3885.4691,10057,2.0,22.88489
530,95.17605999999999,1059.3488730000001,63.0,19.1795,4000,64.2324,25.35915
193,66.26087,1018.8654349999999,0.0,71.5,4000,4.8043,26.11957
841,92.6,1012.8910000000001,2893.5,746.5,4000,68.4,27.7
602,86.59783,1019.1440220000001,2.25,523.9565,4000,0.0,18.1087
169,78.91509,1012.1749060000001,0.0,38.475,4000,0.0,27.66981
428,97.16667,827.5075926,551.25,93.6667,4000,66.9074,20.88889
140,69.27143000000001,1001.904714,13.5,785.2619,4000,9.0571,29.092859999999998
173,79.58268000000001,1012.733858,45.0,54.2239,4000,2.0,27.51969
6,96.17143,1006.5685710000001,38.25,134.9,4000,93.2,23.48571
606,91.73684,1016.9037890000001,4.5,286.5417,4000,0.0,17.21053
814,57.0,1013.786667,688.5,0.0,4000,73.6667,13.5
73,99.0,1016.937594,1215.0,4263.4459,11103,6.8647,15.969920000000002
754,71.4964,1017.5398560000001,80000.0,24249.1644,54612,76.2086,22.21583
362,34.26923,1055.766767,0.0,1125.7119,31082,5.3383,12.727269999999999
238,96.49306,1011.3701390000001,409.5,4488.9103,54612,6.8333,24.93056
145,74.71329,1002.863497,679.5,8401.25,52476,13.965,28.328670000000002
749,81.44681,1015.291064,80000.0,19219.88,54612,74.4681,22.87943
234,94.02797,1010.6692310000001,0.0,4488.9103,54612,8.0,26.405590000000004
220,93.75352,1000.405634,0.0,4488.9103,54612,12.8732,24.96479
692,95.6,984.0891429,54.0,758.2222,4000,84.8,21.54286
439,71.68056,899.7149306,0.0,6.1714,4000,2.0,27.611109999999996
132,62.42609,893.8089564999999,0.0,31.5125,4000,0.8,29.31304
935,68.92908,1023.519645,72445.5,5521.1231,47460,53.1277,14.489360000000001
735,91.24113,1012.697376,920.25,3804.9342,9295,97.0142,22.808510000000002
185,90.11905,1011.939524,9.0,15.6875,4000,2.4048,22.88095
41,99.0,1010.340741,1167.75,1911.2338,7800,24.4,21.940739999999998
576,97.16346,1013.8538460000001,2.25,1090.56,4000,0.0,22.99038
108,76.35461,1023.5893619999999,0.0,4217.0441,8616,0.0,18.2695
751,92.57446999999999,1017.125674,50242.5,29345.32,54612,78.6383,21.0922
56,97.46154,1015.7373630000001,162.0,5152.8955,54612,24.7363,24.47253
355,34.26923,1054.972609,0.0,0.0,4000,6.1304,12.727269999999999
864,92.86131,1017.4110949999999,33941.25,483.64,4000,95.5839,25.31387
531,90.1773,1059.07,0.0,30.6795,4000,67.7092,26.60993
24,99.0,1009.037324,776.25,351.0875,4000,1.0,20.0493
616,78.19792,1018.207604,0.0,280.9574,4000,0.0,16.28125
485,96.69014,1012.2645769999999,0.0,2482.5968,54612,21.3239,25.64789
493,91.34188,1026.844701,0.0,624.25,4000,4.0,17.29915
338,61.037040000000005,1053.282778,0.0,0.0,4000,0.0,13.0
51,99.0,1013.148551,634.5,2844.4684,12538,24.4855,20.86957
611,94.03226,1019.4229029999999,4.5,279.7174,4000,0.0,15.903229999999999
867,93.56028,1021.342411,11144.25,483.64,4000,100.0,24.55319
598,98.56522,1016.893152,2.25,478.7391,4000,0.0,19.467389999999998
264,85.6338,1016.287324,4.5,4488.9103,54612,5.0,22.1338
495,98.18852,1026.812541,119.25,417.0392,4000,4.0,13.36885
644,99.0,1012.6522630000001,0.0,1425.747,5135,48.3869,23.0219
462,99.0,1010.275248,105.75,1729.9639,12693,18.6525,24.39007
516,67.8972,1028.3161400000001,0.0,417.0392,4000,7.0,7.6729
18,97.80142,1009.378723,0.0,1817.5952,5536,2.0355,23.66667
854,93.83459,1016.0045859999999,29517.75,7252.8592,54612,69.0226,24.99248
536,99.0,995.4635,1689.75,2031.9294,6921,48.5929,22.68571
827,92.06716,1012.31,4610.25,1009.1139,4000,72.1791,24.38806
367,67.31645999999999,899.2087975,80000.0,11.1951,4000,17.5127,26.86709
83,80.41844,1020.691489,74.25,4351.6901,13652,3.3901,20.156029999999998
61,97.23358,1013.544526,87.75,4263.4459,11103,22.0438,22.29927
382,95.41176,1006.236985,468.0,10.575,4000,67.3456,25.323529999999998
272,67.93056,1012.6025689999999,0.0,4488.9103,54612,5.0,20.34722
285,57.45139,1011.8069439999999,0.0,4488.9103,54612,4.0,19.30556
360,34.26923,1056.560455,0.0,29.0714,4000,6.2273,12.727269999999999
354,34.26923,1051.827176,0.0,111.4107,4000,5.9695,12.727269999999999
613,90.02128,1019.2060640000001,0.0,240.08700000000002,4000,0.0,15.882979999999998
278,83.57746,452.09788729999997,0.0,4488.9103,54612,4.0,15.47887
12,98.0,1009.8952,717.75,1356.7432,6495,3.832,22.904
182,80.53333,1017.527067,0.0,45.5789,4000,2.5733,25.706670000000003
368,68.20755,898.5453458999999,80000.0,11.6707,4000,19.5975,27.77358
432,99.0,789.3926922999999,344.25,35.1429,4000,66.8333,20.13889
581,98.93182,1011.115227,0.0,726.2889,4000,0.0,21.806820000000002
223,95.50355,1009.4567380000001,38.25,4488.9103,54612,13.4255,25.007089999999998
765,73.5036,1019.888489,80000.0,22372.662,54612,84.3597,18.20863
660,99.0,1015.809091,0.0,490.284,4000,48.0,22.93706
442,96.0566,1008.3785849999999,1140.75,11.561,4000,50.8302,25.37736
872,84.88372,1020.3862019999999,49916.25,483.64,4000,99.8217,23.0
664,99.0,1016.6433900000001,0.0,254.8625,4000,48.9915,21.84746
575,98.90741,1013.3246300000001,2.25,540.3673,4000,0.0,22.69444
176,86.79167,1012.828333,0.0,16.125,4000,1.2917,24.79167
629,84.65094,1066.857547,0.0,137.4,4000,0.0,24.72642
786,80.38519000000001,1020.507852,1809.0,29422.3239,54612,88.7111,15.01481
468,99.0,1013.501214,0.0,1536.225,4000,19.9357,24.30714
931,48.535709999999995,1024.888929,41618.25,6647.8923,26949,55.6643,17.97857
163,83.68939,1010.3005300000001,0.0,52.5574,4000,0.0,26.810609999999997
248,97.69230999999999,1007.80979,468.0,4488.9103,54612,6.8811,22.8951
599,96.64444,1016.950222,0.0,531.4894,7544,0.0,18.955560000000002
835,98.11712,1016.0865769999999,3312.0,483.64,4000,69.2883,23.83784
375,93.87097,1007.160484,0.0,4853.2581,22614,100.0,24.12903
74,95.76295999999999,1017.057778,2.25,4263.4459,11103,1.3926,20.80741
113,89.46809,1020.312766,0.0,827.1875,4000,0.3191,13.978720000000001
554,98.59375,1009.205625,6.75,914.8704,5221,0.0,24.5
528,97.05109,1058.100146,1795.5,24.9565,4000,79.2263,24.50365
390,93.97163,1007.696809,18.0,1886.241,8210,67.078,24.893620000000002
104,65.41727,1022.845324,0.0,11408.3929,54612,0.0216,17.33094
114,77.55725,1020.820611,0.0,3020.8065,6569,0.4275,15.8626
919,61.25,1028.820882,72774.0,6009.4464,30888,54.5147,20.63971
409,52.06667,1010.1689630000001,1044.0,1057.557,4000,67.5185,12.14815
92,82.66197,1020.980282,0.0,6855.3286,54612,0.006999999999999999,18.43662
532,99.0,1059.228333,11.25,0.0,4000,66.8333,24.16667
89,67.38571,1018.994286,24.75,6855.3286,54612,0.0929,20.778570000000002
336,59.663869999999996,1050.871681,0.0,0.0,4000,0.0,16.563029999999998
933,65.21875,1023.104375,58443.75,5521.1231,47460,56.9141,15.5
868,89.75177,1022.0192910000001,18587.25,483.64,4000,100.0,23.57447
879,81.61946999999999,1023.972832,6061.5,6009.4464,30888,45.1504,22.601770000000002
572,98.9,1011.7007779999999,83.25,1029.7255,4000,0.0,23.8
865,59.25954,1019.8951910000001,43643.25,483.64,4000,99.6947,17.66412
758,47.062940000000005,1021.4177619999999,80000.0,23827.4583,54612,82.1888,20.97203
94,80.40426,1020.7460990000001,0.0,6855.3286,54612,0.0213,18.36879
11,99.0,1009.796078,607.5,7163.6962,54612,4.0294,22.5098
396,98.91489,1010.282199,2.25,951.1235,4000,66.539,23.79433
666,99.0,1014.651484,0.0,267.3974,4000,48.9922,21.921879999999998
43,99.0,1009.1445259999999,630.0,979.0260000000001,3564,23.4526,22.08759
42,99.0,1010.0553189999999,1453.5,0.0,4000,22.3688,21.92199
329,62.0,1011.7278259999999,0.0,69.9167,4000,73.3913,22.86957
167,84.78081999999999,1008.98411,9.0,35.7667,4000,0.0,24.9863
436,99.0,789.3926922999999,0.0,2619.8333,4000,64.0,23.83333
826,81.44366,1012.949718,34879.5,1984.8929,4582,72.2958,25.44366
895,50.90441,1024.435882,71367.75,6009.4464,30888,49.2868,22.00735
714,98.77778,1001.916667,0.0,452.0,4000,0.0,22.11111
100,69.70504,1023.085612,0.0,6855.3286,54612,0.0288,17.94245
426,99.0,942.5096471,209.25,1191.5714,4000,65.7294,21.03529
178,74.88189,1012.595433,0.0,39.4265,4000,3.6299,26.56693
416,93.92105,797.7234211,0.0,64.5,4000,64.7368,27.815790000000003
734,97.01471,1015.6753679999999,492.75,2665.5974,9579,97.0,23.04412
832,99.0,1013.7182140000001,1536.75,127.2949,4000,69.7857,21.68571
622,94.52128,1017.499149,36.0,309.55,4000,0.0,12.64894
177,80.08537,1012.7931710000001,2.25,33.7586,4000,2.4268,26.63415
395,99.0,1009.186397,337.5,312.4474,4000,67.7353,21.08088
665,99.0,1015.280922,0.0,673.4416,4000,49.0,23.48227
750,85.61871,1016.097698,80000.0,21606.8533,54612,76.4101,22.59712
888,78.0963,1023.023926,59377.5,6009.4464,30888,46.2963,23.08148
383,99.0,1007.2571849999999,1111.5,10.575,4000,68.6074,22.955560000000002
257,78.67605999999999,1014.8908449999999,0.0,4488.9103,54612,5.0,24.30986
497,97.83478000000001,1024.744261,0.0,417.0392,4000,9.713,13.617389999999999
335,59.666669999999996,1048.875159,0.0,0.0,4000,0.0,17.14286
580,98.76923000000001,1011.572857,4.5,577.3469,4000,0.0,22.032970000000002
15,99.0,1009.205825,474.75,589.8983,4000,3.0485,21.242720000000002
3,87.68656999999999,1036.857463,963.0,8.8358,4000,6.0373,24.29851
849,99.0,1016.390952,308.25,0.0,4000,67.9048,21.52381
256,82.44681,1013.967376,0.0,4488.9103,54612,5.0,23.6383
513,67.8972,1026.240417,0.0,417.0392,4000,7.0,7.6729
716,91.51563,1005.849219,0.0,2543.8478,8342,0.0,24.484379999999998
668,99.0,1003.7805210000001,0.0,695.8689,4000,51.6354,23.40625
934,78.48201,1025.923597,74173.5,5521.1231,47460,53.5755,13.7554
393,99.0,1007.756667,1075.5,459.5625,4000,67.8444,21.85185
222,95.47183000000001,1004.730282,56.25,4488.9103,54612,14.0,25.471829999999997
179,75.45333000000001,1014.4444,0.0,36.5641,4000,3.4667,26.50667
289,53.74126,1020.6881119999999,0.0,4488.9103,54612,3.0,18.00699
626,88.42268,1018.271134,0.0,191.1,4000,0.0,12.690719999999999
324,66.48872,1006.6051130000001,75048.75,10.3143,4000,0.0,29.165409999999998
558,99.0,1010.0025810000001,18.0,691.6538,4000,0.0,23.344089999999998
9,90.43269000000001,1009.657692,112.5,2082.371,5489,3.6154,25.39423
249,93.68613,987.0530656999999,0.0,4488.9103,54612,6.0657,23.48175
22,99.0,1009.3944439999999,2.25,0.0,4000,1.0,20.0
356,34.26923,1051.8574019999999,0.0,81.9643,4000,6.0315,12.727269999999999
221,93.42958,1000.772535,0.0,4488.9103,54612,13.8944,25.112679999999997
630,60.78431,794.6072548999999,3930.5,59.5,4000,1.0,22.078429999999997
813,31.0,1012.452857,2.25,808.8,4000,69.1429,16.061220000000002
928,63.253519999999995,1024.432535,67252.5,6009.4464,30888,54.8099,16.612679999999997
756,59.14388,1018.0294240000001,80000.0,24249.1644,54612,76.0432,21.67626
340,51.12766,1054.945532,0.0,19.7273,4000,5.7872,19.55319
431,98.75949,789.3926922999999,0.0,1400.28,4000,65.3038,20.59494
519,82.0,1056.636842,4.0,0.0,4000,1.0,27.447370000000003
787,98.73759,1018.691489,1226.25,29422.3239,54612,87.9858,12.08511
594,98.88172,1014.6817199999999,0.0,482.375,4000,0.0,19.903229999999997
203,96.68056,1007.7756939999999,1962.0,4488.9103,54612,12.2431,24.73611
596,98.94565,1017.218261,0.0,563.0435,4000,0.0,20.3913
445,97.93388,1008.1304960000001,0.0,531.8364,4000,55.562,24.54545
237,98.6993,1009.7790210000001,594.0,4488.9103,54612,7.3497,23.72727
93,82.82857,1019.9971429999999,0.0,6855.3286,54612,0.0071,18.40714
526,93.59722,1057.195278,569.25,23.1013,4000,64.2847,25.52778
500,92.15596,1023.9470640000001,0.0,417.0392,4000,8.0,12.83486
588,96.83145999999999,1014.674719,0.0,692.1522,5862,0.0,21.03371
836,92.04167,1019.348333,18285.75,764.3684,4000,67.5833,27.625
284,58.71528000000001,1019.1604169999999,0.0,4488.9103,54612,4.0,17.97222
184,91.70588000000001,1013.955882,0.0,0.0,4000,2.0,20.05882
759,46.295770000000005,1020.1053519999999,80000.0,23827.4583,54612,84.7324,21.028170000000003
859,97.45455,1017.514141,7519.5,508.4085,4000,97.5152,24.06061
434,99.0,789.3926922999999,0.0,39.0,4000,65.0,22.41176
655,99.0,1010.104539,0.0,495.3947,4000,49.0,21.82979
153,85.29032,1005.37,22.5,29.0435,4000,0.0,25.80645
75,90.69286,1016.634286,0.0,4263.4459,11103,1.1929,22.37857
450,99.0,1010.0562039999999,31.5,531.8364,4000,10.8978,24.59854
886,92.72059,1023.331765,6747.75,6009.4464,30888,43.5809,21.25735
620,31.0,1015.0,0.0,0.0,4000,10.3043,12.78261
277,50.77465,588.4661972,6.75,4488.9103,54612,4.0,20.03521
68,88.33577,1015.678832,0.0,4263.4459,11103,13.927,22.77372
446,92.50525999999999,1007.964947,0.0,561.6731,4000,100.0,25.93684
593,99.0,1015.18,0.0,671.551,5726,0.0,19.14894
486,96.8156,1013.315957,0.0,2482.5968,54612,19.773,25.98582
188,70.65035,1016.232238,0.0,52.5,4000,3.6713,24.23077
271,64.17857,1012.4764289999999,0.0,4488.9103,54612,5.0,21.16429
901,54.14184,1025.34,74646.0,6009.4464,30888,51.5319,18.12057
584,97.46739000000001,1014.564565,4.5,808.7959,7847,0.0,20.88043
236,98.0,1009.079167,67.5,4488.9103,54612,6.8264,24.41667
487,96.63121,1014.0910640000001,49.5,2482.5968,54612,18.8156,25.73759
88,72.2029,1018.703623,0.0,6855.3286,54612,0.0,20.26812
802,66.54286,1018.7869289999999,80000.0,29422.3239,54612,92.2714,15.2
117,83.48062,1020.8403099999999,0.0,3020.8065,6569,0.0465,15.496120000000001
773,45.50704,1022.1900699999999,80000.0,29422.3239,54612,86.7887,18.59155
512,67.8972,1026.06968,0.0,417.0392,4000,7.056,7.6729
521,90.05,1057.9230710000002,119.25,22749.7333,54612,80.3571,27.16429
559,98.45263,1008.647895,51.75,1296.5769,8700,0.0,24.526320000000002
126,86.14184,1023.0950349999999,0.0,3020.8065,6569,0.1135,14.347520000000001
116,81.10078,1020.0511630000001,0.0,3020.8065,6569,0.0078,15.41085
473,97.55319,1012.142199,0.0,7508.5909,54612,19.8936,24.37589
767,70.85816,1018.650142,80000.0,22372.662,54612,87.1206,18.48227
57,99.0,1015.917557,4.5,5152.8955,54612,24.0534,22.763360000000002
697,91.47414,1015.43,3449.25,2361.3023,11920,60.8448,24.362070000000003
942,59.21276999999999,1029.318511,73534.5,5521.1231,47460,54.8794,15.8156
369,69.15094,897.8472327,80000.0,10.575,4000,18.1258,29.45283
268,84.0,1010.2727269999999,0.0,4488.9103,54612,5.0,21.671329999999998
46,98.93661999999999,1012.8690140000001,38.25,5482.325,14212,22.2465,24.6338
349,34.26923,1052.305682,0.0,85.7833,4000,5.0758,12.727269999999999
195,31.0,1000.0,1.0,1.0,4000,1.0,25.55238
944,49.41,1026.7712,71799.75,5783.7581,47460,55.34,17.9
788,98.30986,1018.8036619999999,2637.0,10648.1014,54612,86.8732,13.21831
695,95.11888,1014.6778320000001,114.75,2155.3256,13044,76.3007,23.86713
263,85.90071,1014.980851,2.25,4488.9103,54612,5.0567,22.659570000000002
443,95.7554,1007.2384890000001,0.0,13.1918,4000,43.0791,25.85612
638,98.71127,1013.3435210000001,50172.75,3444.4943,10791,2.9859,23.1831
304,70.69697,1052.657576,0.0,4488.9103,54612,5.6894,15.47727
341,54.746269999999996,1055.168358,0.0,75.4426,4000,6.1418,16.73881
912,38.27612,1026.025373,80482.5,6009.4464,30888,53.4328,16.35075
149,88.08333,1009.5210800000001,130.5,0.0,4000,23.4444,23.768520000000002
124,80.73944,1023.1521130000001,0.0,3020.8065,6569,0.2958,15.464789999999999
743,62.57895,1015.9216539999999,82037.25,22228.9403,54612,92.8947,19.61654
50,99.0,1013.3526320000001,900.0,2844.4684,12538,24.1053,23.06015
353,34.26923,1051.022463,0.0,83.7797,4000,6.2388,12.727269999999999
874,75.88651999999999,1020.8275890000001,75105.0,483.64,4000,100.0,24.36879
142,80.95714,1003.6074289999999,324.0,6468.7558,28481,16.6,26.528570000000002
470,99.0,1006.722797,427.5,1402.15,4000,18.2448,23.587410000000002
399,99.0,1006.5675349999999,144.0,650.0122,2259,66.0704,23.8169
591,99.0,1017.046559,2.25,243.1111,4000,0.0,18.3871
320,51.618559999999995,1055.103093,0.0,5282.8254,54612,9.701,16.185570000000002
19,92.9,1008.6584619999999,0.0,1846.3902,4106,1.8,24.53077
764,70.2518,1018.703453,80000.0,23827.4583,54612,84.0791,17.48921
909,50.54545,1027.492168,78180.75,6009.4464,30888,52.8671,19.75524
834,99.0,1015.122748,731.25,186.8056,4000,70.2824,21.15267
407,95.53237,1007.4707189999999,0.0,1057.557,4000,64.4604,25.68345
537,99.0,995.7388235,0.0,50.0,4000,46.4412,21.970589999999998
635,99.0,1014.65,0.0,0.0,4000,3.0,21.52
38,99.0,1011.6394369999999,742.5,7169.2593,54612,22.3732,23.70423
175,87.03788,1012.725076,6.75,26.3151,4000,1.8864,25.45455
245,96.33099,1014.0232390000001,0.0,4488.9103,54612,6.0,23.23239
783,80.03571,1021.5509289999999,60675.75,43040.9275,54612,88.0143,17.95
631,83.47551999999999,1012.823357,36636.75,164.1034,4000,1.0,26.05594
712,93.58695999999999,1011.975435,0.0,2865.2632,8276,0.0,22.63043
810,84.0,1015.1055560000001,0.0,8.0,4000,0.0,25.0
154,88.02083,1007.3298960000001,159.75,26.3864,4000,0.0,24.59375
287,53.94444,1014.925,0.0,4488.9103,54612,4.0,18.9375
569,97.69565,1011.1939130000001,11.25,1241.52,6939,0.0,24.65217
843,96.02062,1018.617732,14042.25,461.32199999999995,4000,71.5464,25.02062
17,99.0,1008.8897810000001,1161.0,944.5432,4000,3.1971,20.90511
127,82.06993,1024.956643,0.0,3020.8065,6569,0.013999999999999999,14.60839
322,69.15,1008.474667,59982.75,11.3091,4000,0.0,29.225
255,86.65035,1014.083217,0.0,4488.9103,54612,5.0,22.1958
621,85.05769000000001,1016.910385,2.25,444.44,4000,0.0,15.519229999999999
910,45.87943,1025.611631,79915.5,6009.4464,30888,53.1986,19.49645
190,63.613859999999995,1015.5086140000001,0.0,52.5,4000,4.3861,25.61386
115,82.61417,1021.885827,0.0,3020.8065,6569,0.3701,14.70079
582,98.41379,1014.025977,4.5,914.5814,7233,0.0,20.90805
180,76.63359,1015.3435880000001,0.0,53.9296,4000,3.2519,25.9084
301,73.8797,1053.2180449999998,0.0,4488.9103,54612,4.0526,14.85714
717,99.0,997.8017187999999,9.0,1208.0571,4000,93.7969,22.734379999999998
673,99.0,1007.9526470000001,420.75,1053.5333,4000,53.2941,23.13235
684,99.0,1014.452778,51.75,498.625,4000,0.0667,17.81111
822,95.37226,1012.884818,405.0,5050.4615,54612,64.6715,24.72993
625,97.78125,1016.2121880000001,0.0,218.2727,4000,0.0,11.42708
517,67.8972,1025.770238,0.0,417.0392,4000,6.2143,7.6729
929,62.82394,1025.346831,74913.75,6009.4464,30888,54.9296,17.02113
45,98.75887,1011.6702130000001,0.0,7555.4,54612,23.1631,24.48227
857,98.23021999999999,1015.427266,4212.0,483.64,4000,97.9784,23.7482
157,79.79381,1013.24,0.0,40.0612,4000,0.0,27.61856
908,44.31655,1027.199928,77503.5,6009.4464,30888,52.4173,20.45324
171,79.88776,1010.8864289999999,0.0,54.4032,4000,0.0,27.37755
16,99.0,1008.894574,409.5,859.5696,4000,3.0,21.62791
511,67.8972,1022.9562619999999,0.0,417.0392,4000,7.9159,7.6729
48,99.0,1011.0440560000001,546.75,3913.1728,11093,21.7483,22.85315
916,53.16546999999999,1028.844676,75638.25,6009.4464,30888,54.223,20.0
794,84.83688000000001,1019.5380849999999,80000.0,29422.3239,54612,90.1773,15.49645
515,67.8972,1026.253462,0.0,417.0392,4000,6.9327,7.6729
731,94.02899000000001,1015.003478,587.25,2339.4156,7623,97.0,23.13043
480,98.85714,1011.3840710000001,0.0,2677.3797,54612,18.7714,24.87143
283,63.297869999999996,1020.4893619999999,0.0,4488.9103,54612,4.0,18.56028
618,78.03125,1021.350625,0.0,269.4681,4000,0.0,15.760420000000002
225,93.41667,1007.742361,0.0,4488.9103,54612,12.4167,25.90972
26,99.0,1012.125899,441.0,2752.6087,54612,1.0,22.33094
739,82.35211,1015.810352,2022.75,4639.1067,7972,97.2465,22.71831
437,76.74545,907.0687879000001,13.51,1207.8913,4000,0.1,24.929289999999998
897,49.10714,1023.1647859999999,46732.5,6009.4464,30888,50.2643,22.24286
364,34.26923,1054.8652240000001,0.0,1164.7241,35663,5.5746,12.727269999999999
229,99.0,1008.4598589999999,533.25,4488.9103,54612,9.2887,23.52113
37,99.0,1009.856522,58.5,3927.7848,12786,23.2174,23.34058
911,40.90071,1025.5574470000001,80583.75,6009.4464,30888,53.3617,19.80142
374,83.0979,1005.9893710000001,0.0,10565.3523,54612,100.0,26.888109999999998
469,99.0,1009.377376,123.75,1189.5802,4000,18.8298,23.943260000000002
913,48.47887,1027.270211,79337.25,6009.4464,30888,53.8873,19.32394
803,65.66434,1022.072727,80000.0,29422.3239,54612,92.7203,16.14685
898,47.94891,1023.6085400000001,48429.0,6009.4464,30888,50.9124,22.33577
194,93.5,882.735,0.0,302.0,4000,2.0,21.0
806,76.13475,1021.8890779999999,0.0,29422.3239,54612,93.5035,14.652479999999999
816,87.0292,1014.6774449999999,2.25,5998.4471,26262,58.7737,25.817520000000002
503,95.32824000000001,1024.020534,0.0,417.0392,4000,6.9466,12.96183
915,53.323530000000005,1029.178015,70823.25,6009.4464,30888,54.0735,19.051470000000002
784,77.21127,1022.8722539999999,76068.0,29422.3239,54612,88.1831,18.59155
579,98.95506,1014.544607,0.0,734.875,4000,0.0,23.1236
914,48.964290000000005,1028.987786,79317.0,6009.4464,30888,54.0286,19.47857
162,90.60784,1011.7700980000001,24.75,11.5294,4000,0.0,24.12745
795,77.61268000000001,1020.7359150000001,80000.0,29422.3239,54612,90.7535,15.27465
152,82.71698,1006.7601890000001,2.25,24.08,4000,0.0,27.11321
643,99.0,1012.128974,0.0,151.7273,4000,48.0,21.141029999999997
924,61.221430000000005,1024.9735,79839.0,6009.4464,30888,54.9,16.328570000000003
713,99.0,1011.3536359999999,0.0,634.6667,4000,0.0,21.36364
111,94.0155,1023.060465,0.0,3020.8065,6569,0.0078,17.031010000000002
226,95.84615,1009.5118880000001,92.25,4488.9103,54612,12.007,25.587410000000002
649,99.0,1013.137535,0.0,296.9512,4000,49.993,19.52113
103,60.64615,1021.599231,0.0,26803.4211,54612,0.0154,16.46923
421,99.0,1011.309412,87.75,589.2414,4000,67.8529,23.5
419,99.0,789.3926922999999,1426.5,1307.7174,4000,67.4324,21.89189
708,99.0,1006.265843,99.0,337.8113,4000,90.0,20.39326
586,97.97917,1013.615417,0.0,943.4151,7139,0.0,20.26042
737,86.6383,1015.29156,1158.75,3761.6184,9674,97.07799999999999,22.0
119,66.22794,1020.306618,0.0,3020.8065,6569,3.0147,16.03676
53,99.0,1013.8807019999999,1091.25,2844.4684,12538,23.5439,22.552629999999997
151,91.0,1009.265,0.0,54612.0,54612,0.0,24.0
403,95.95,1009.2475710000001,0.0,1160.2436,4723,65.0,24.48571
891,60.44361,1023.4450380000001,63342.0,6009.4464,30888,47.797,22.99248
207,99.0,1007.227465,864.0,4488.9103,54612,10.3803,22.19718
797,74.97842,1016.9197119999999,1964.25,29422.3239,54612,91.3165,13.820139999999999
720,87.46099,1011.4612060000001,1039.5,3923.5897,9965,96.9149,25.340429999999998
8,88.3271,991.6541120999999,4.5,2168.3333,6295,4.2897,25.09346
762,50.57447,1017.84844,80000.0,23827.4583,54612,85.0071,20.872339999999998
36,99.0,1010.5248119999999,2171.25,10962.3108,54612,22.5564,22.00752
452,99.0,1011.053566,308.25,531.8364,4000,27.8527,24.697670000000002
253,88.35211,1014.895775,0.0,4488.9103,54612,5.6127,22.44366
303,77.25564,1054.634586,0.0,4488.9103,54612,5.3233,14.105260000000001
704,91.50704,1014.917958,18976.5,2779.3214,10505,57.7324,24.32394
571,99.0,1011.1372039999999,2.25,721.9796,4000,0.0,23.19355
623,98.9899,1020.3860609999999,9.0,255.7442,4000,0.0,10.74747
670,99.0,1008.1623529999999,281.25,813.88,4000,53.875,22.91176
680,95.30282,1011.7776759999999,173.25,624.8442,4000,52.0,22.04225
262,88.71127,999.0835211000001,4.5,4488.9103,54612,5.8028,20.71831
610,94.82796,1019.7692470000001,9.0,246.4222,4000,0.0,15.76344
297,83.6194,1055.291791,0.0,4488.9103,54612,0.7015,13.216420000000001
414,95.0,789.3926922999999,693.0,0.0,4000,67.7143,21.0
150,75.4,1008.048667,24.75,10.5,4000,4.4667,26.6
745,99.0,1018.76227,438.75,1464.6267,4725,83.305,17.30496
640,99.0,1013.746522,11.25,338.7895,4000,46.8261,20.95652
838,99.0,1013.9829269999999,1926.0,230.7857,4000,70.122,22.36585
550,99.0,1005.50809,141.75,1329.4314,4000,0.0,23.24719
789,84.00704,1019.298592,80000.0,22179.8143,54221,86.9366,14.528170000000001
488,98.79433,1011.78305,0.0,2482.5968,54612,17.7234,24.38298
147,84.90909,1003.382078,0.0,926.6444,4000,10.5714,25.50649
146,76.97901999999999,1002.6475519999999,13.5,4155.9419,54585,11.7902,27.321679999999997
757,52.95745,1020.02,80000.0,23827.4583,54612,79.5106,20.971629999999998
877,73.86232,1019.9710869999999,78126.75,483.64,4000,100.0,24.56522
706,89.625,1005.27375,0.0,738.5,4000,90.125,26.375
659,99.0,1018.301958,0.0,1218.5926,4000,48.0,24.7972
348,34.26923,1054.279627,0.0,70.6885,4000,5.2164,12.727269999999999
463,99.0,1010.392766,668.25,1021.321,4693,19.9433,22.03546
325,66.96,967.86592,158.0,235.1452,4000,7.303999999999999,23.151999999999997
186,90.76,1014.0484,0.0,0.0,4000,2.04,19.04
123,76.74126,1022.958741,0.0,3020.8065,6569,0.006999999999999999,16.27972
918,65.72143,1027.655143,65893.5,6009.4464,30888,54.3857,19.61429
608,73.74194,1017.5670970000001,0.0,509.7778,4000,0.0,18.93548
143,73.86331,1003.946691,40.5,15445.631000000001,54612,12.517999999999999,28.1223
904,49.15,1025.6185710000002,74254.5,6009.4464,30888,51.7857,20.55
197,86.9619,1005.4980949999999,47.25,8768.8228,54612,74.8762,25.55238
609,94.04255,1018.6324470000001,2.25,259.9302,4000,0.0,16.26596
279,81.73427,1020.4195800000001,0.0,4488.9103,54612,4.0,18.31469
293,55.43662,1024.034507,0.0,4488.9103,54612,3.0,17.35915
400,99.0,1003.902908,402.75,923.9744,6580,66.305,23.49645
122,79.20139,1019.647917,0.0,3020.8065,6569,0.3403,15.1875
183,90.95833,1016.447917,0.0,0.0,4000,1.0,22.91667
202,94.18115999999999,1007.282609,1183.5,4488.9103,54612,15.1159,25.27536
438,71.51333000000001,900.4232,0.0,6.1515,4000,2.0,25.78667
246,97.01408,1015.1408449999999,333.0,4488.9103,54612,6.4577,23.87324
415,99.0,981.8413514,0.0,267.2273,4000,65.2432,24.2973
723,95.22222,1010.523926,83.25,2377.5733,8316,96.9407,23.00741
845,99.0,1015.307705,373.5,103.4138,4000,67.3934,21.32787
837,99.0,1016.103333,18.0,0.0,4000,70.0,22.0
129,69.68627,1022.4176470000001,0.0,3020.8065,6569,0.0,17.176470000000002
637,97.09091,1013.5852449999999,54616.5,4898.314,23204,2.9930000000000003,23.71329
402,96.03546,1007.3509220000001,11.25,1128.8354,4659,65.6312,24.872339999999998
741,78.97036999999999,1014.9394070000001,25697.25,4779.3889,8310,90.8519,21.31852
728,98.28571,1012.128786,625.5,2704.7632,8130,97.0,23.22857
861,99.0,1017.5405880000001,0.0,429.5294,4000,95.0,21.64706
219,99.0,991.693617,1611.0,4488.9103,54612,7.9362,22.09929
641,99.0,1013.381875,580.5,1502.9385,6337,47.8854,22.84375
863,97.85,1017.4010000000001,2821.5,483.64,4000,96.5857,23.83571
710,99.0,1007.979892,0.0,497.2037,4000,73.4086,19.35484
761,57.762240000000006,1017.3641259999999,80000.0,23827.4583,54612,86.993,20.60839
866,89.48227,1020.2870210000001,20664.0,483.64,4000,99.8582,24.48936
624,97.05825,1017.8751460000001,0.0,194.4889,4000,0.0,11.40777
792,80.19718,1020.674718,80000.0,29422.3239,54612,88.9366,14.619720000000001
718,92.84891999999999,1008.125755,438.75,2874.0,8223,96.2518,23.733810000000002
386,91.12143,1007.1221429999999,6.75,10.575,4000,66.9643,25.828570000000003
917,55.32143000000001,1027.970429,73752.75,6009.4464,30888,54.2714,20.32143
509,67.8972,1022.5554210000001,0.0,417.0392,4000,8.1028,7.6729
267,86.74306,1017.3006939999999,0.0,4488.9103,54612,5.0,21.44444
774,49.1,1022.324,80000.0,29422.3239,54612,86.5857,18.171429999999997
441,71.0,825.8940909,42.0,1500.5,4000,7.4091,24.59091
496,99.0,1025.899,247.5,417.0392,4000,7.75,11.475
112,90.10811,1022.226126,0.0,1718.1385,7842,2.8108,14.69369
691,79.04688,990.0,326.25,6425.2195,21435,77.9063,22.9375
232,96.46479000000001,1007.517606,191.25,4488.9103,54612,8.6761,24.35211
858,98.16667,1016.0640199999999,4691.25,483.64,4000,97.3235,24.34314
607,78.95789,1017.1588419999999,0.0,484.6444,4000,0.0,18.71579
671,99.0,1005.6774810000001,684.0,1314.6579,5862,53.4741,23.074070000000003
373,90.06452,1006.200968,0.0,1898.7297,4782,100.0,25.53226
926,56.380280000000006,1025.245986,78779.25,6009.4464,30888,54.7887,17.429579999999998
796,53.23944,1019.9050699999999,37392.75,29422.3239,54612,90.6268,16.43662
233,93.72856999999999,1009.5507140000001,0.0,4488.9103,54612,8.0,26.17857
878,73.4812,1020.9378949999999,56097.0,483.64,4000,76.9624,24.00752
676,96.05594,1014.2702099999999,1329.75,624.8442,4000,53.0,23.84615
317,68.75188,1056.0879699999998,0.0,4488.9103,54612,6.3835,13.14286
648,99.0,1013.489437,0.0,234.8025,4000,49.8451,19.887320000000003
410,31.0,1000.119333,0.0,1057.557,4000,65.55,15.0
847,97.5619,1016.4903810000001,5877.0,337.4533,4000,67.2952,25.41905
709,99.0,1006.104333,0.0,252.625,4000,75.65,19.7
358,34.26923,1052.262406,0.0,537.7586,27883,5.4887,12.727269999999999
258,85.91608000000001,1017.4581820000001,11.25,4488.9103,54612,5.0,24.57343
627,89.05882,1020.04,0.0,0.0,4000,0.0,12.411760000000001
632,81.17390999999999,1004.6934779999999,40789.0,146.0476,4000,1.0,26.2971
282,74.1958,1005.0323080000001,0.0,4488.9103,54612,4.0,18.223779999999998
376,85.33870999999999,1006.333226,6.75,3109.1471,8377,52.5161,28.403229999999997
384,98.79817,1007.357431,778.5,12.6769,4000,68.3394,22.57798
224,98.95745,1008.5666669999999,24.75,4488.9103,54612,13.0,24.04965
899,70.53237,1024.5181289999998,67830.75,6009.4464,30888,51.2518,19.19424
922,79.41304000000001,1025.199855,2340.0,6009.4464,30888,57.0507,13.673910000000001
472,98.21127,1010.2,0.0,1895.5610000000001,27934,21.1761,24.394370000000002
347,34.26923,1053.2292539999999,0.0,50.5082,4000,5.0299,12.727269999999999
505,91.81081,1024.08955,0.0,417.0392,4000,6.0089999999999995,14.54955
639,99.72,950.6060000000001,0.0,47.4,4000,97.8,24.39
932,57.028369999999995,1022.7382980000001,2427.75,5521.1231,47460,56.1631,14.91489
896,58.73913,1022.898478,73838.25,6009.4464,30888,49.8043,21.62319
853,97.38554,1014.3685539999999,17997.75,10056.35,54612,67.0361,23.61446
619,83.98684,1021.6372369999999,0.0,297.6667,4000,0.0,15.460529999999999
807,69.07092,1023.923333,0.0,29422.3239,54612,93.7589,14.95035
645,98.96503,1014.179441,0.0,1710.6,4991,49.0,24.29371
799,96.35461,1019.805035,80000.0,29422.3239,54612,90.92200000000001,12.23404
556,96.98131,1007.674206,0.0,2457.6471,21397,0.0,25.95327
903,59.7554,1025.113309,75723.75,6009.4464,30888,51.5396,20.05755
577,98.31579,1014.9472630000001,2.25,763.5098,4000,0.0,23.82105
85,70.5036,1020.6287769999999,0.0,4351.6901,13652,9.5324,20.38129
242,98.97183000000001,1011.276056,13.5,4488.9103,54612,6.3028,22.85211
698,99.0,1016.528313,621.0,853.931,4000,15.1566,22.31325
159,84.52577,1010.006598,4.5,1066.8302,54612,0.0,26.52577
524,93.24088,1056.428978,11.25,23.9054,4000,78.0949,25.81022
35,99.0,1011.51087,38.25,2325.9114,7373,22.2754,22.44203
540,94.30556,1007.181667,2.25,1661.2632,8865,1.6389,26.33333
170,80.99296,1012.834225,20.25,45.0,4000,0.0,27.605629999999998
654,99.0,1012.894714,0.0,652.679,4000,49.0,22.96429
839,97.64706,1010.687059,1818.0,555.1176,4000,71.4118,25.94118
809,52.485440000000004,1021.869223,4.5,29842.5286,54612,94.0097,17.05825
800,85.22535,1017.835282,80000.0,29422.3239,54612,91.5634,13.71831
890,59.05263000000001,1024.226917,60963.75,6009.4464,30888,47.4211,23.030079999999998
733,96.76429,1016.6715,317.25,2559.3289,8002,97.0,23.26429
95,66.24638,1021.2,0.0,6855.3286,54612,0.0145,18.99275
563,97.10989000000001,1007.4482419999999,11.25,1656.88,17127,0.0,24.63736
240,99.0,1011.416783,13.5,4488.9103,54612,6.9091,23.14685
742,77.7,1014.9697859999999,80000.0,19131.8182,54612,89.1143,24.06429
574,97.38095,1011.201825,0.0,1829.6479,21500,0.0,25.29365
690,77.25,999.7183332999999,0.0,15609.4286,54612,64.0,18.33333
460,97.73944,1010.4513380000001,45.0,2429.7711,24066,22.4296,24.65493
553,95.88172,1011.666667,4.5,4204.0192,24556,0.0,25.97849
828,91.75182,1012.881752,6210.0,1117.875,4000,68.1752,23.66423
206,94.84210999999999,1006.52406,13666.5,4488.9103,54612,10.6391,25.293229999999998
392,99.0,1007.5597789999999,119.25,839.9146,5866,65.0956,24.30882
397,97.78358,1012.7270900000001,1617.75,1155.72,7439,66.6493,24.8209
766,71.82734,1019.526906,80000.0,22372.662,54612,85.7338,18.17986
801,87.5461,1016.108794,71154.0,29422.3239,54612,91.8652,13.163120000000001
217,98.70769,1005.376923,0.0,4510.7541,54612,5.0,24.70769
4,87.64615,1027.830769,254.25,274.6232,4333,31.2385,24.069229999999997
768,61.076919999999994,1019.644755,80000.0,21417.6986,54612,87.7483,18.92308
642,98.2449,1012.15,22.5,545.2727,4000,47.7959,25.408160000000002
846,97.42105,1014.688684,3647.25,451.6579,4000,68.3158,25.73684
612,95.35417,1018.5601039999999,0.0,245.46,4000,0.0,15.6875
738,93.75352,1017.014507,105.75,2837.5584,6415,97.1479,21.49296
546,97.03371,1012.471011,22.5,2948.68,25988,0.0,24.78652
725,98.96403000000001,1012.252734,15.75,1317.2949,4573,97.0,21.70504
683,99.0,1014.2315150000001,0.0,1.0,4000,0.0,18.69697
98,50.82979,1020.826241,0.0,6855.3286,54612,0.0071,19.290779999999998
727,96.82014000000001,1012.8994240000001,666.0,2830.8608,10007,97.0,22.66906
573,98.25556,1011.012,0.0,1302.7347,9440,0.0,24.61111
406,99.0,1008.4535710000001,92.25,1057.557,4000,64.5357,23.79286
502,94.18033,1023.250574,0.0,417.0392,4000,7.0,12.81967
47,99.0,1013.6829789999999,65.25,4054.0,15848,21.5319,23.25532
32,99.0,1009.5050359999999,0.0,4647.5375,13465,1.3741,22.97842
779,49.304959999999994,1023.6714890000001,80000.0,29422.3239,54612,87.305,17.843970000000002
200,84.14815,1008.0955560000001,14001.75,4488.9103,54612,10.6,27.4
134,61.10241,812.4557229,15.0,20.4167,4000,1.0,26.8494
27,98.97122,1014.8323740000001,423.0,48975.4779,54612,1.1655,23.47482
830,95.21986,1014.423121,794.25,996.9524,4000,68.5603,24.787229999999997
230,98.41844,1008.1446810000001,213.75,4488.9103,54612,9.1135,23.79433
489,98.9726,1012.361644,1311.75,1361.8684,4000,19.5479,22.61644
772,40.71324,1020.44,80000.0,29422.3239,54612,86.7574,19.47794
378,95.82143,1006.9395710000001,4.5,10.575,4000,68.3786,25.33571
288,52.02113,1021.641197,0.0,4488.9103,54612,3.5915,18.97887
418,98.14925,1007.764776,18.0,589.2414,4000,64.0149,26.95522
674,99.0,1007.7725449999999,119.25,654.0606,4000,53.0,21.43636
391,95.86713,1007.644336,2.25,1633.5476,6844,66.0699,25.51748
592,99.0,1015.3606589999999,0.0,172.8409,4000,0.0,17.274729999999998
498,97.40217,1023.579891,0.0,417.0392,4000,9.0,13.3913
138,78.40278,1044.148333,20.25,340.5581,4000,11.7569,25.5
62,99.0,1013.3327730000001,366.75,4263.4459,11103,22.6975,21.42857
471,99.0,1008.8779710000001,1836.0,4154.9211,54612,23.4928,21.978260000000002
647,99.0,1013.8925869999999,0.0,670.9146,4000,50.0,22.139860000000002
128,78.28873,1022.372535,0.0,3020.8065,6569,0.006999999999999999,15.746479999999998
921,62.52555,1026.6770800000002,1095.75,6009.4464,30888,55.6934,15.846720000000001
520,82.55263000000001,1056.636842,0.0,1052.3333,4000,27.7895,27.447370000000003
64,99.0,1017.7614289999999,0.0,4263.4459,11103,20.2214,20.42857
812,97.94872,1013.816282,321.75,2874.8125,14237,57.1154,20.84615
14,98.9697,800.0,195.75,12035.2787,54612,3.0,23.181820000000002
156,74.6129,1010.794086,0.0,33.3462,4000,0.0,27.95699
40,99.0,1010.934783,774.0,3729.6923,11649,24.2754,22.978260000000002
492,86.65979,1025.730206,0.0,609.76,4000,4.0,17.8866
379,97.67857,1007.4393570000001,63.0,10.575,4000,66.8071,24.52143
187,74.15267,1017.689542,0.0,52.5,4000,3.8168,25.30534
763,46.32117,1018.3903650000001,80000.0,23827.4583,54612,84.6569,20.63504
216,99.0,1007.278571,4.5,0.0,4000,7.0,22.89286
791,68.6338,1019.838944,80000.0,29422.3239,54612,88.1338,15.72535
52,99.0,1013.132331,29.25,2844.4684,12538,23.9173,21.6015
337,57.93233000000001,1051.672632,0.0,0.0,4000,0.0,16.53383
748,89.9,1015.576214,71968.5,11115.2055,54612,76.5214,20.528570000000002
719,84.83688000000001,1010.2879429999999,1559.25,4047.3579999999997,9098,96.7943,25.524820000000002
724,97.98529,1012.252353,234.0,2548.3924,9162,97.0,23.68382
295,84.37209,1054.7511630000001,0.0,771.0,4000,3.8372,16.02326
701,98.99306,1015.6640279999999,783.0,916.6163,4000,34.0972,21.59028
251,94.36842,1014.4210529999999,6.75,4488.9103,54612,6.015,21.51128
726,98.55,1012.2766429999999,18.0,1631.5769,6634,97.0,22.13571
461,98.6831,1010.451549,0.0,3290.9524,26980,19.831,25.598589999999998
455,99.0,1010.195915,774.0,531.8364,4000,20.4577,21.72535
941,63.16311999999999,1027.495248,65301.75,5521.1231,47460,54.5674,15.524820000000002
815,91.38095,1012.102619,6.75,309.4737,4000,55.881,21.83333
269,74.44366,1018.533099,0.0,4488.9103,54612,5.0,21.08451
201,90.66197,1007.472535,16571.25,4488.9103,54612,17.4507,26.429579999999998
161,81.85106,1010.865319,4.5,46.4306,4000,0.0,27.489359999999998
555,98.97849000000001,1008.2496769999999,38.25,1419.3019,8951,0.0,23.655910000000002
729,89.89209,1012.2551080000001,1365.75,3691.28,9674,97.0,25.028779999999998
401,99.0,1006.058298,2414.25,550.2453,4000,67.1986,22.26241
702,99.0,1016.2404939999999,9765.0,1058.9091,4000,47.8642,22.0
476,99.0,1011.319859,22.5,1382.5432,11035,17.993,24.15493
821,98.36232,1014.9251449999999,1107.0,1623.4941,8200,64.4928,23.0
771,42.64748,1019.241439,80000.0,42831.320999999996,54612,87.1079,19.69784
105,67.42446,1024.593525,0.0,6779.3509,54612,0.0,17.74101
565,97.14737,1010.6173679999999,2.25,1179.0189,5988,0.0,25.24211
389,94.13669,1006.478129,330.75,10.575,4000,67.2446,24.58993
1,83.14912,1037.604386,1761.75,11.8448,4000,5.693,26.19298
883,92.71429,1021.4154289999999,38355.75,6009.4464,30888,42.8143,21.778570000000002
561,98.87368000000001,1007.840842,213.75,1994.3137,18514,0.0,23.768420000000003
80,84.13475,1018.668085,0.0,4414.0417,11161,0.2553,21.7234
205,97.66901,1008.6394369999999,438.75,4488.9103,54612,11.7394,24.16197
34,99.0,1014.0297099999999,135.0,4237.6709,14418,20.1014,23.65942
775,45.09353,1020.725899,80000.0,29422.3239,54612,87.0576,17.7482
508,98.78723000000001,1026.177872,101.25,417.0392,4000,8.9574,10.08511
427,98.95283,842.2871697999999,0.0,1357.3898,4000,65.717,21.96226
454,99.0,1009.98,18.0,0.0,4000,24.0238,22.21429
366,85.83019,899.1026414999999,114.75,1458.9231,10031,17.5472,23.90566
91,82.97856999999999,1021.259286,0.0,6855.3286,54612,0.3571,18.55714
339,31.07143,1053.110952,6.75,49.6905,4000,3.8095,26.7619
564,95.8125,1009.534792,0.0,1948.75,19430,0.0,25.0625
345,34.26923,1053.168731,0.0,115.3167,4000,5.0448,12.727269999999999
776,40.21277,1020.858652,80000.0,29422.3239,54612,87.1773,17.57447
241,98.26471,1019.4897060000001,99.0,4488.9103,54612,6.9926,22.74265
13,99.0,996.2891304,513.0,831.3889,4000,3.0435,21.72464
315,66.25,1055.833333,0.0,4488.9103,54612,5.6591,15.159089999999999
600,93.12765999999999,1018.1119150000001,0.0,551.2609,5298,0.0,18.81915
387,87.73281999999999,1006.3945039999999,0.0,10.575,4000,65.374,25.877860000000002
273,64.42657,1012.5293710000001,0.0,4488.9103,54612,5.0,19.657339999999998
166,90.40351,1008.843333,58.5,5.25,4000,0.0,23.08772
840,99.0,1012.6854289999999,3613.5,281.4242,4000,70.9714,21.8
937,56.48936,1024.02773,67675.5,5521.1231,47460,54.2908,16.1844
646,99.0,1014.235664,0.0,894.9881,4000,49.2727,23.342660000000002
818,94.01471,1013.548603,765.0,3955.4824,54612,57.9191,24.779410000000002
484,97.69853,1010.441765,531.0,15146.6901,54612,22.4191,24.53676
925,54.83688000000001,1025.087872,78633.0,6009.4464,30888,54.8156,16.90071
504,94.64706,1025.4740199999999,0.0,417.0392,4000,7.0,13.18627
831,98.68148000000001,1014.070741,3451.5,585.5467,4000,68.7556,23.62963
243,97.67832,1011.201399,2.25,4488.9103,54612,6.0,23.97203
566,98.11957,1011.4564130000001,11.25,858.0,4256,0.0,24.84783
875,69.30435,1019.810435,73417.5,483.64,4000,100.0,24.12319
562,98.02150999999999,1007.0570970000001,4.5,1243.549,11864,0.0,24.36559
686,63.2,1079.162,0.0,53.0,4000,0.0,23.0
189,65.61039,1015.881299,0.0,46.5227,4000,4.2078,23.28571
782,60.25532,1022.3187230000001,80000.0,29422.3239,54612,88.0709,18.4539
699,95.53472,1014.776597,18884.25,1913.2674,6570,8.0903,23.77083
475,98.74468,1012.0707800000001,0.0,1665.0127,16673,18.2766,24.60993
681,90.46154,1011.4785310000001,211.5,624.8442,4000,51.2867,23.72727
510,67.8972,1020.869643,0.0,417.0392,4000,7.9286,7.6729
58,99.0,1016.9652480000001,0.0,3384.0263,10515,23.2695,23.056739999999998
474,98.35970999999999,1014.482302,20.25,1412.0494,13037,19.2302,25.29496
560,99.0,1008.080549,105.75,842.7407,8491,0.0,23.31868
856,96.78992,1018.05605,13943.25,483.64,4000,98.5126,24.176470000000002
747,99.0,1015.490709,225.0,1375.8026,4000,78.1915,16.06383
252,95.66197,1016.266901,0.0,4488.9103,54612,6.0,22.27465
21,98.68794,1008.9773050000001,398.25,1529.0843,5347,1.1915,22.88652
313,66.03759000000001,1052.4157890000001,0.0,4488.9103,54612,5.2932,14.18045
459,98.62595,1009.2413740000001,427.5,9605.747,54612,23.5802,24.259539999999998
160,79.43697,1009.0321849999999,0.0,47.0952,4000,0.0,27.70588
276,55.63889,1017.774306,0.0,4488.9103,54612,4.0,20.69444
191,58.2963,1015.9009880000001,0.0,63.1607,4000,5.0741,26.17284
385,99.0,1007.492627,987.75,12.6769,4000,68.322,22.29661
805,69.60993,1021.4026949999999,0.0,29422.3239,54612,93.07799999999999,15.475179999999998
413,91.35714,789.3926922999999,400.5,35.1429,4000,66.8333,18.47619
491,93.21875,1025.028438,0.0,96.6667,4000,3.8438,15.9375
343,34.26923,1054.461462,0.0,28.8333,4000,4.5154,12.727269999999999
769,45.17483,1020.61049,80000.0,22063.5972,54612,87.2727,19.38462
308,60.78519,1051.011111,0.0,4488.9103,54612,5.1407,14.44444
661,99.0,1014.8813289999999,0.0,597.9383,4000,48.7832,22.27273
130,83.65,894.6339999999999,0.0,0.0,4000,0.05,22.05
663,99.0,1015.994755,0.0,732.2152,4000,48.1608,24.139860000000002
871,87.67376,1017.540709,12915.0,483.64,4000,100.0,21.31915
99,56.76087,1022.7413039999999,0.0,6855.3286,54612,0.0145,18.579710000000002
372,93.33898,1005.662373,2.25,7883.4483,54612,17.6949,24.644070000000003
87,78.66911999999999,1018.497059,0.0,6855.3286,54612,6.6176,20.05882
458,98.41606,1008.5403650000001,483.75,5709.5802,54612,19.1387,24.12409
330,60.83673,1012.6613269999999,0.0,42.4,4000,75.9388,22.27551
214,91.37778,1007.9955560000001,76.5,4488.9103,54612,7.7778,25.68148
466,99.0,1013.128803,2.25,1734.3659,6376,19.1268,23.98592
121,88.1746,1017.206349,0.0,1282.0667,4000,0.0476,14.20635
614,78.68817,1019.6917199999999,0.0,353.6087,4000,0.0,16.21505
20,98.97856999999999,1007.9457140000001,240.75,1477.2805,5002,1.7143,23.40714
700,99.0,1015.544351,1818.0,539.1781,4000,20.2366,21.58779
71,99.0,1020.4846150000001,207.0,0.0,4000,2.6154,17.65385
106,72.75177,1024.773759,0.0,4422.971,13652,0.0071,17.48227
270,72.51748,1010.717483,0.0,4488.9103,54612,5.0,21.33566
860,99.0,1017.52,2.25,217.5,4000,94.1818,22.36364
435,82.31325,789.3926922999999,0.0,454.2593,4000,64.0,25.855420000000002
102,57.10714,1021.158571,0.0,19950.2388,54612,0.0071,17.73571
