seismic,seismoacoustic,shift,genergy,gpuls,gdenergy,gdpuls,ghazard,energy,maxenergy,class
1,1,1,12740,203,-33,-39,1,0,0,0
2,2,2,13040,103,4,-59,1,3000,3000,0
1,2,1,48110,433,92,-13,1,0,0,0
1,1,2,6040,41,-13,-33,1,3300,3000,0
1,1,2,46160,250,-16,15,1,6000,6000,0
1,1,1,24100,197,16,-45,1,0,0,0
1,1,1,144880,361,-46,-52,1,2000,2000,0
1,2,2,7130,105,134,142,2,0,0,0
1,3,1,40750,725,3,18,3,0,0,0
2,1,1,19180,289,-36,-35,1,0,0,0
1,1,1,43660,281,-44,-29,1,700,700,0
1,1,1,628360,636,-37,-58,1,2300,2000,0
2,1,1,16590,324,61,17,1,300,300,0
1,2,1,111510,169,-36,-63,1,5000,3000,0
2,2,2,16470,661,60,88,1,0,0,0
2,2,1,18580,121,-31,-59,1,1200,800,0
1,3,1,106030,988,148,49,2,0,0,0
2,1,1,12030,308,-16,-26,1,0,0,0
2,1,1,311200,1147,-38,-62,1,14400,9000,0
1,1,1,1062280,1982,-27,-27,1,5200,5000,0
1,3,1,26590,552,-34,-13,3,0,0,0
2,2,1,47670,507,40,-11,1,0,0,0
2,1,2,6970,154,-33,-25,1,0,0,0
1,1,1,7000,131,-40,-56,1,1000,1000,0
1,2,1,45560,591,79,33,1,0,0,0
1,1,2,28020,51,12,-14,1,0,0,0
1,2,1,22260,493,-13,11,1,900,900,0
1,1,2,4140,186,-67,-26,1,0,0,0
2,1,1,12950,428,-38,-31,1,0,0,0
1,1,2,2890,28,2,-30,1,0,0,0
2,1,1,16940,288,47,18,1,0,0,0
1,1,1,63950,297,11,-6,1,0,0,0
1,2,1,14180,348,-24,-44,1,0,0,0
2,1,1,645750,2035,7,6,1,63800,40000,0
1,1,2,6760,24,-37,-40,1,0,0,0
1,1,2,129740,306,-39,-44,1,0,0,0
1,2,1,22990,395,-8,-12,1,0,0,0
1,1,1,182210,1766,63,63,1,17800,7000,0
1,1,1,33310,274,-30,-27,1,6800,3000,0
1,1,1,15080,306,-56,-48,1,0,0,0
1,2,1,10220,434,-45,-14,1,0,0,0
1,2,1,148160,1282,1,0,1,1300,900,0
2,1,1,20670,376,-25,-10,1,0,0,0
1,1,1,14080,172,-38,-65,1,0,0,0
2,1,1,16330,270,7,-14,1,0,0,0
1,1,2,28710,454,207,40,1,4000,4000,0
1,1,1,31040,322,-10,1,1,9000,4000,0
2,2,2,19760,445,114,101,1,0,0,0
1,1,1,37640,596,37,58,1,0,0,0
1,2,1,13930,423,-26,-32,1,0,0,0
1,1,2,144520,407,-34,-27,1,3000,3000,0
1,2,1,23710,387,-32,-31,1,1000,1000,0
1,2,1,45450,491,63,2,1,400,400,0
1,2,1,25710,365,-25,-33,1,10000,10000,0
1,1,1,9710,248,-72,-57,1,0,0,0
1,2,2,19040,50,7,0,1,0,0,0
1,1,2,39510,204,12,40,1,5000,5000,0
2,2,2,9530,178,-24,-29,1,0,0,0
2,2,1,65960,496,164,-1,1,2200,2000,0
2,2,1,289580,1986,-38,2,1,54000,50000,0
1,2,1,58570,481,110,0,1,400,400,0
2,1,1,163510,1534,13,23,1,72000,70000,0
1,1,1,22890,283,104,23,1,0,0,0
2,2,1,36650,414,41,-14,1,0,0,0
1,2,2,20250,45,13,-10,1,0,0,0
2,1,1,28910,307,115,20,1,0,0,0
1,3,1,34360,730,10,39,3,0,0,0
1,1,2,2870,21,-2,-48,1,0,0,0
2,1,1,25400,398,-29,-8,1,6000,4000,0
1,2,1,14980,267,-7,9,1,0,0,0
1,1,2,4720,186,-62,-26,1,0,0,0
1,2,2,3410,33,-62,-32,1,0,0,0
1,1,1,38230,835,61,63,1,0,0,0
2,1,1,65490,735,60,72,1,72000,60000,0
1,1,1,395110,1043,46,40,1,6000,2000,0
1,2,1,11630,481,-27,21,1,0,0,0
1,2,2,5630,98,64,86,1,0,0,0
1,1,1,122030,211,-42,-42,1,500,500,0
2,1,1,23860,389,-24,-13,1,40000,40000,0
1,1,2,10040,300,7,-7,1,0,0,0
1,1,1,8450,121,-63,-70,1,0,0,0
2,2,1,44410,1113,-12,52,1,4000,4000,0
1,2,1,39410,1146,12,9,1,3000,3000,0
2,2,1,52380,469,101,-3,1,20000,20000,0
1,2,1,32670,476,103,95,1,800,800,0
1,1,2,1920,32,-29,-20,1,0,0,0
1,2,1,21520,477,-32,-5,1,0,0,0
2,2,1,108260,891,-12,-7,1,6000,3000,0
1,2,1,56350,999,26,19,1,1000,800,0
1,1,2,5030,125,-28,-29,1,0,0,0
1,1,2,7920,248,-23,-28,1,0,0,0
1,1,1,12610,157,-61,-52,1,2000,2000,0
1,1,1,37580,574,33,23,1,0,0,0
1,2,2,44730,79,-58,-49,1,0,0,0
2,2,1,15210,527,-64,-56,1,0,0,0
2,1,1,25940,233,-31,-37,1,15400,7000,0
1,1,2,104390,331,91,29,1,0,0,0
2,1,2,17620,557,91,151,1,300,300,0
2,1,1,53660,627,97,33,1,2100,1000,0
1,1,1,15160,180,-33,-55,1,500,500,0
2,2,1,31240,836,-7,-9,2,2000,2000,0
2,2,1,286300,1381,-49,-41,1,0,0,0
1,1,1,64920,690,103,7,1,1000,1000,0
1,1,1,54980,115,-72,-66,1,600,600,0
1,2,1,8690,251,-34,-23,2,0,0,0
1,2,2,14670,44,23,10,1,0,0,0
1,1,1,87700,935,-53,-49,1,1600,1000,0
1,1,2,7400,25,-12,-38,1,0,0,0
1,1,1,36930,534,14,-13,1,0,0,0
1,1,2,8180,273,-28,12,1,0,0,0
2,1,1,63560,317,198,-33,1,0,0,0
1,1,2,18790,322,101,0,1,0,0,0
1,1,2,9280,294,35,71,1,0,0,0
2,1,1,172250,1250,-43,-50,1,73000,70000,0
1,2,2,7970,44,-32,-15,1,0,0,0
1,1,1,30750,508,-4,-21,1,0,0,0
1,2,2,15290,436,75,47,1,0,0,0
1,1,1,26660,486,-1,12,1,0,0,0
1,2,2,6790,238,-37,-2,1,0,0,0
1,2,1,532290,2055,-4,-19,1,4000,2000,0
1,1,1,34390,646,6,22,1,0,0,0
1,1,1,17860,200,-44,-50,1,4200,4000,0
2,1,2,12150,118,-52,-36,1,3000,3000,0
1,2,1,936850,1737,24,17,1,2600,2000,0
1,2,2,9450,349,1,12,1,0,0,0
2,2,1,42700,700,53,49,1,400,400,0
1,1,2,28460,117,-45,-45,1,0,0,0
1,1,1,715390,1923,36,36,1,300,300,0
1,1,2,1950,19,-26,-52,1,0,0,0
2,2,1,81600,628,-1,75,1,44000,40000,0
2,1,1,37670,488,19,-41,1,0,0,0
2,2,1,25180,592,39,24,1,0,0,0
1,1,2,16630,81,-65,-59,1,0,0,0
1,1,1,24970,325,-35,-26,1,4000,3000,0
1,1,2,4080,19,73,-52,1,0,0,0
1,2,1,14570,326,-8,-18,1,0,0,0
2,1,1,108010,889,-70,-60,1,41200,30000,0
2,1,2,5520,171,-38,-8,1,0,0,0
1,1,1,576040,1541,-24,-22,1,900,900,0
1,1,2,11780,159,-7,-35,1,300,300,0
2,1,1,5890,166,-60,-56,1,0,0,0
1,1,1,21670,132,-31,-34,1,3400,2000,0
1,1,2,2970,50,-95,-87,1,0,0,0
1,1,2,22470,307,98,26,1,300,300,0
2,1,1,833660,2493,22,32,1,11000,6000,0
1,1,2,5130,115,-55,-49,1,0,0,0
1,3,2,33530,747,338,215,3,1000,1000,0
1,2,1,111950,997,-8,-13,1,4400,3000,0
2,2,1,61310,931,274,227,2,3000,3000,0
2,1,1,19370,715,44,85,1,0,0,0
2,2,1,31610,860,10,12,1,0,0,0
2,1,1,47840,594,106,27,1,0,0,0
1,1,2,9010,255,-28,2,1,0,0,0
1,1,1,27350,602,-1,25,1,200,200,0
2,2,1,24500,488,-9,7,1,0,0,0
1,2,2,11550,204,8,-16,1,600,600,0
1,1,1,4150,262,-64,-49,1,0,0,0
2,1,1,18980,247,-16,-34,1,0,0,0
1,2,2,20020,49,88,22,2,0,0,0
2,2,1,48130,1330,163,163,2,0,0,0
1,1,2,11380,290,0,30,1,0,0,0
1,1,2,4050,34,-31,-37,1,600,600,0
1,1,1,95020,859,-20,-25,1,600,600,0
1,1,2,3030,29,15,-28,1,0,0,0
1,1,2,920,9,-71,-78,1,0,0,0
2,2,2,24020,462,-4,-26,2,0,0,0
2,1,2,28290,478,126,91,1,0,0,0
1,1,2,5780,163,-36,-25,1,0,0,0
1,2,1,16940,455,-1,6,1,30000,30000,0
1,1,2,1400,51,-88,-78,1,0,0,0
2,1,2,27200,402,118,61,1,0,0,0
1,2,2,60460,191,56,29,1,0,0,0
1,1,2,22300,55,2,17,1,0,0,0
2,2,1,35290,754,-16,-36,1,0,0,0
1,1,1,8620,239,-58,-31,1,0,0,0
2,1,1,31450,286,47,-40,1,0,0,0
2,2,1,33960,593,29,28,2,4000,4000,0
2,1,1,8610,79,-74,-69,1,5000,5000,0
1,1,1,120690,150,-18,-43,1,0,0,0
1,1,2,9220,277,-2,-11,1,0,0,0
2,2,1,20160,317,-30,-28,1,300,300,0
1,1,2,2920,16,13,-60,1,0,0,0
2,2,1,15760,570,-40,23,2,300,300,0
1,2,2,5940,182,-41,-21,1,0,0,0
2,1,1,73420,1202,53,96,1,30200,20000,0
1,1,2,9260,266,-23,8,1,0,0,0
1,2,2,17670,255,130,56,1,0,0,0
1,1,1,19240,370,-43,-31,1,0,0,0
2,1,2,136810,746,-41,-47,1,40000,40000,0
1,1,1,42010,601,40,17,1,0,0,0
1,1,1,12750,235,-10,-10,1,0,0,0
1,2,1,32050,645,7,56,1,300,300,0
1,2,1,253510,2069,98,76,1,7100,4000,0
1,1,1,95050,860,-16,-22,1,5000,3000,0
1,1,1,35200,93,-55,-48,1,5000,5000,0
2,2,2,4330,160,-65,-36,1,0,0,0
1,2,1,19340,218,18,-19,1,3000,3000,0
1,1,1,443740,1321,20,10,1,0,0,0
2,1,1,76200,766,166,71,1,0,0,0
2,1,1,38330,1042,-1,-3,1,600,600,0
2,1,1,30130,403,-15,-27,1,0,0,0
2,2,2,4600,105,-63,-58,1,0,0,0
2,1,1,13600,368,-11,20,1,800,800,0
1,1,2,7330,102,5,-42,1,0,0,0
2,1,2,12340,125,-88,-79,1,400,400,0
1,1,2,5090,35,63,-12,1,0,0,0
2,1,2,15600,548,67,83,1,0,0,0
1,1,2,20740,510,66,104,1,0,0,0
1,1,1,28140,443,-6,-14,1,0,0,0
1,1,1,10590,256,-19,-2,1,0,0,0
2,1,1,29370,694,0,40,1,0,0,0
2,1,1,13520,528,-42,-23,1,0,0,0
2,1,2,18840,434,126,158,1,300000,300000,0
2,2,1,127770,1141,7,24,1,44400,40000,0
1,1,2,1480,7,-54,-82,1,0,0,0
1,2,2,7440,130,-26,-43,1,0,0,0
1,1,1,40420,269,-42,-31,1,0,0,0
1,2,1,121870,935,-15,-26,1,900,500,0
1,1,1,17910,86,-85,-79,1,12000,6000,0
1,3,1,53180,1048,34,70,3,0,0,0
1,1,1,10160,437,-40,-21,1,0,0,0
2,2,1,393140,1685,-2,2,1,5200,4000,0
2,2,2,13010,322,26,-15,2,0,0,0
1,2,1,7920,178,-53,-30,1,0,0,0
1,2,1,15180,196,-3,-21,1,0,0,0
1,2,2,2410,109,-76,-69,1,0,0,0
1,1,2,46300,197,-69,-63,1,5000,5000,0
2,1,1,42640,576,264,150,1,0,0,0
1,1,2,8050,30,-81,-78,1,0,0,0
1,2,1,25490,546,-18,2,1,0,0,0
1,1,2,43650,334,38,90,1,0,0,0
2,1,1,25550,451,-8,-47,1,0,0,0
2,2,1,80040,751,-37,-19,1,1600,1000,0
2,1,1,52990,483,54,39,1,71300,50000,0
2,1,1,26170,388,23,-19,1,0,0,0
1,1,2,780,6,-70,-85,1,0,0,0
2,1,1,452730,1349,-34,-31,1,64000,30000,0
1,1,1,56810,285,-35,-27,1,6100,2000,0
1,2,1,44800,350,253,52,2,0,0,0
2,2,2,10690,367,182,227,1,0,0,0
1,2,2,8060,57,-81,-86,1,3000,3000,0
1,1,2,43600,194,-48,-48,1,0,0,0
1,1,2,720,2,-62,-95,1,0,0,0
1,1,1,24160,362,-23,-32,1,0,0,0
2,2,1,1446770,1471,13,5,1,0,0,0
1,3,1,151920,1132,255,71,2,20300,20000,0
1,1,2,5770,45,-86,-89,1,2000,2000,0
1,2,1,12600,266,-60,-47,1,0,0,0
2,1,1,34020,858,60,38,1,0,0,0
1,1,1,20500,717,82,157,1,0,0,0
1,1,1,33560,590,194,111,1,0,0,0
1,1,1,26280,404,-13,-18,1,0,0,0
1,1,1,17220,529,-50,-41,1,0,0,0
2,1,1,118120,1716,-33,-14,1,20000,20000,0
2,1,1,24490,237,-51,-42,1,1000,500,0
1,1,2,53320,203,-31,-39,1,4000,4000,0
1,2,2,9430,123,22,-38,1,400,400,0
1,2,2,48440,76,86,11,1,0,0,0
2,1,1,23490,595,76,54,1,1000,1000,0
2,1,1,734930,2062,-29,1,1,4800,4000,0
1,1,1,49430,434,1,9,1,1500,800,0
1,2,1,28780,1294,-18,26,1,0,0,0
2,2,1,20080,370,-24,-20,2,0,0,0
2,2,2,10110,531,-2,51,1,0,0,0
2,1,1,358490,1231,-36,-58,1,400,400,0
1,1,2,9890,210,-21,-16,1,0,0,0
1,1,2,3380,14,37,-65,1,0,0,0
1,2,2,5880,175,-40,-24,1,0,0,0
1,2,2,6790,67,34,50,1,0,0,0
1,1,1,27320,414,220,79,1,200,200,0
1,2,1,225040,575,-3,5,1,7000,6000,0
2,1,1,58660,728,87,63,1,2400,2000,0
1,1,2,38800,38,17,-45,1,1700,1000,0
2,1,2,11210,323,-10,29,1,0,0,0
2,2,2,6930,68,-45,-73,1,0,0,0
1,2,2,3110,164,-73,-54,1,0,0,0
2,1,1,45170,557,9,59,1,70700,70000,0
1,1,1,55230,904,57,56,1,0,0,0
2,1,1,24400,352,-10,-25,1,2000,2000,0
1,2,1,12180,351,-24,44,1,0,0,0
1,1,1,48530,485,90,87,1,1300,1000,0
1,2,1,54900,426,120,-15,1,0,0,0
2,2,2,20340,271,16,93,1,202000,200000,0
2,1,1,26330,386,13,-18,1,0,0,0
1,1,2,117040,328,-57,-45,1,2000,2000,0
1,1,2,4490,177,-60,-49,1,0,0,0
2,2,1,19430,453,5,-8,1,600,600,0
1,1,1,716630,1677,-8,14,1,700,500,0
1,1,2,18040,317,95,43,1,0,0,0
2,1,1,22910,629,72,62,1,0,0,0
2,1,1,30060,1135,29,66,1,0,0,0
1,2,2,24550,62,44,23,1,0,0,0
1,2,1,1127430,3031,58,90,1,300,300,0
2,1,1,71650,1173,-53,-40,1,7000,7000,0
2,2,2,38060,486,357,189,2,0,0,0
1,1,1,498960,1447,30,17,1,900,900,0
2,3,1,974430,1828,20,20,1,20600,20000,0
1,1,2,6390,138,-29,-36,1,0,0,0
1,1,2,58200,219,-27,-38,1,3000,3000,0
1,1,2,7370,110,-63,-46,1,0,0,0
2,1,1,26780,1003,99,160,1,60000,60000,0
1,1,1,43380,693,83,36,1,0,0,0
2,2,1,64490,755,120,55,1,0,0,0
2,2,1,59380,949,27,30,1,26600,20000,0
1,2,1,15740,278,8,-24,2,3000,3000,0
2,1,1,195950,1913,38,40,1,2700,1000,0
1,1,1,30000,631,-9,17,1,8300,8000,0
2,2,1,32780,677,15,8,2,10000,10000,0
2,2,1,9130,68,-64,-75,1,2000,1000,0
1,1,2,12070,296,0,20,1,100,100,0
1,1,1,314100,904,-41,-37,1,0,0,0
1,1,1,36520,209,-55,-81,1,9800,9000,0
2,1,1,151660,900,-25,-33,1,67700,30000,0
1,1,2,1330,54,-88,-76,1,0,0,0
2,1,1,14390,455,-50,-8,1,1000,1000,0
2,1,2,10820,524,16,75,1,0,0,0
2,1,1,81410,785,432,151,2,0,0,0
1,2,1,197620,406,19,-16,1,0,0,0
2,1,1,45910,656,69,39,1,0,0,0
1,2,1,20720,284,13,-11,1,0,0,0
1,2,1,8720,175,-48,-31,1,0,0,0
1,1,1,67040,785,111,84,1,1600,900,0
1,2,2,5380,90,-18,58,1,2000,2000,0
2,1,1,56060,600,140,27,1,0,0,0
1,1,1,12140,317,8,38,1,0,0,0
2,2,2,7590,233,-27,-38,2,0,0,0
2,2,2,11040,316,191,181,1,0,0,0
2,2,1,22010,380,-11,-16,2,0,0,0
1,1,2,14020,251,50,-22,1,0,0,0
1,1,1,27230,430,-14,-18,1,0,0,0
1,1,1,38820,647,259,137,1,0,0,0
1,2,1,28130,304,15,-28,1,6000,6000,0
1,1,1,40770,522,36,2,1,8000,8000,0
1,2,2,48650,73,-51,-51,1,0,0,0
2,1,1,593950,1972,-13,-2,1,32800,30000,0
1,2,2,54770,1913,445,450,3,0,0,0
1,1,2,3610,16,-69,-60,1,0,0,0
1,1,2,41120,132,-21,-43,1,0,0,0
2,2,1,23260,746,27,48,2,0,0,0
1,1,1,274170,997,15,34,1,0,0,0
2,1,1,14660,229,-3,-25,1,0,0,0
1,1,2,10670,223,47,38,1,0,0,0
1,2,2,10210,394,169,251,1,0,0,0
1,2,1,69880,855,144,72,1,1200,800,0
1,1,1,33310,541,40,18,1,0,0,0
1,2,2,22610,242,193,30,1,0,0,0
2,1,1,44960,1172,115,88,1,200,200,0
1,2,2,9450,325,0,3,1,0,0,0
1,2,2,53380,108,-13,-8,1,1700,1000,0
1,1,1,317360,1068,-36,-44,1,0,0,0
2,1,1,53700,573,87,16,1,0,0,0
1,1,1,11890,475,23,10,1,0,0,0
2,1,1,39760,211,-38,-39,1,1600,900,0
2,2,1,77870,271,626,18,2,0,0,0
2,2,2,9910,431,-4,22,1,0,0,0
1,1,1,8160,148,-51,-57,1,300,300,0
2,1,1,35830,407,54,-13,1,0,0,0
1,1,1,37270,293,-31,-23,1,6200,4000,0
1,1,1,60100,94,-43,-52,1,1000,800,0
1,1,1,21900,370,-27,-28,1,0,0,0
2,1,1,27740,443,81,41,1,0,0,0
1,2,1,19300,509,60,69,2,0,0,0
1,1,2,5180,167,-43,-10,1,0,0,0
1,2,1,147570,259,-30,-31,1,2000,1000,0
1,1,2,16480,44,-14,-20,1,0,0,0
1,2,1,20260,722,-19,-42,1,0,0,0
1,1,1,96760,1125,197,84,1,0,0,0
1,1,2,6980,85,0,-49,1,0,0,0
1,1,1,303610,1034,-26,-21,1,0,0,0
2,1,1,34140,792,19,0,1,500,500,0
2,1,1,14300,431,0,4,1,8000,6000,0
1,1,2,1070,17,-73,-65,1,0,0,0
1,2,2,175660,251,76,72,1,0,0,0
1,1,2,11020,589,10,69,1,0,0,0
2,2,1,41230,487,152,70,1,400,400,0
1,2,1,36460,902,4,-14,1,0,0,0
1,1,1,11740,46,-90,-96,1,4000,4000,0
2,1,1,37560,493,149,61,1,200,200,0
1,1,2,1380,56,-49,40,1,0,0,0
1,1,2,3330,17,26,-58,1,0,0,0
1,1,1,23160,393,-34,-28,1,0,0,0
1,1,2,5280,294,-40,-1,1,0,0,0
2,1,1,18470,505,-38,2,1,0,0,0
1,1,2,8100,300,-12,35,1,0,0,0
1,2,1,691310,1416,-14,-6,1,0,0,0
1,2,2,24750,62,-1,28,1,2000,2000,0
2,2,2,25390,861,176,182,2,0,0,0
1,1,2,56960,200,-70,-58,1,0,0,0
1,2,1,23820,525,63,44,2,0,0,0
2,2,1,37590,1115,146,153,2,40000,40000,0
1,1,1,25750,494,9,-3,1,0,0,0
1,2,1,84880,807,233,82,1,800,800,0
2,1,1,46520,1587,25,52,1,0,0,0
1,1,2,3990,231,66,98,1,0,0,0
1,2,1,29160,435,-2,-1,1,0,0,0
1,1,2,20150,64,-51,-62,1,5000,5000,0
1,1,2,650,80,-82,-28,1,0,0,0
2,2,1,31160,623,-6,20,1,400,400,0
2,2,1,17730,568,-1,24,1,0,0,0
1,2,1,32110,427,9,2,1,200,200,0
2,1,1,197590,2804,20,44,1,4700,800,0
1,2,1,32270,631,8,52,1,500,500,0
2,1,1,42060,740,43,49,1,0,0,0
1,1,2,5480,236,-20,37,1,0,0,0
2,1,2,7510,141,-15,-24,1,0,0,0
1,1,2,4410,76,-23,53,1,0,0,0
1,1,1,1310730,1504,13,9,1,4200,4000,0
2,1,1,55890,1204,-3,34,1,149000,80000,0
2,1,1,26860,282,-46,-44,1,5000,3000,0
1,1,1,65760,772,177,68,1,0,0,0
1,1,2,15400,24,-59,-69,1,1000,1000,0
1,1,1,17180,310,-50,-47,1,0,0,0
1,2,2,39280,726,214,190,1,0,0,0
1,1,1,372770,975,37,32,1,1400,700,0
1,1,1,21060,106,-61,-82,1,0,0,0
2,2,1,43900,853,24,48,1,80000,80000,0
2,1,1,186280,1921,39,51,1,72500,70000,0
2,1,1,48980,1007,54,21,1,0,0,0
1,1,2,2650,18,7,-55,1,0,0,0
2,2,1,24370,428,-16,-3,1,2000,2000,0
1,1,2,3430,23,27,-42,1,0,0,0
1,1,2,8680,188,31,7,1,0,0,0
1,1,1,11660,209,-47,-43,1,400,400,0
2,2,1,50860,982,178,94,2,0,0,0
1,1,2,5310,287,-58,15,1,0,0,0
2,1,1,41060,555,30,27,1,0,0,0
1,3,2,25050,678,227,186,3,0,0,0
1,2,2,67480,141,-10,-44,1,2800,2000,0
1,2,1,26860,319,5,-37,1,0,0,0
1,1,2,16210,44,-37,-6,1,9000,9000,0
1,3,1,43740,1056,9,66,3,0,0,0
1,1,2,10970,342,17,9,1,500,500,0
1,1,2,3960,35,-14,-27,1,1000,1000,0
1,2,2,36380,222,-32,-2,1,4000,4000,0
2,1,2,4400,120,-57,-36,1,0,0,0
1,1,2,5050,55,99,38,1,0,0,0
1,2,1,38360,759,29,83,1,7000,7000,0
2,2,1,34090,601,14,16,1,0,0,0
1,1,2,64930,273,-35,-33,1,5000,5000,0
1,2,2,20840,52,-14,-3,1,0,0,0
2,1,1,94740,732,-79,-73,1,21000,20000,0
1,1,1,207930,614,-6,18,1,1000,700,0
1,1,2,4720,26,73,-35,1,0,0,0
1,1,2,8390,33,262,-65,1,0,0,0
1,1,1,32220,513,-8,-6,1,2300,2000,0
1,1,2,1150,6,-59,-85,1,0,0,0
1,2,1,60910,882,55,62,1,303000,300000,0
1,1,2,77540,174,-75,-73,1,0,0,0
1,2,2,155540,363,74,79,1,0,0,0
2,1,1,44600,591,64,75,1,2000,2000,0
1,1,2,6320,32,11,-38,1,4000,4000,0
1,2,1,17050,476,-9,-5,1,0,0,0
1,1,2,2770,45,-67,-79,1,0,0,0
1,2,1,49930,1525,43,49,1,10200,10000,0
2,1,1,17320,586,-17,-6,1,0,0,0
1,1,2,8460,223,-32,-11,1,0,0,0
1,1,2,22200,685,153,130,1,3000,3000,0
1,1,1,15080,351,-50,-32,1,0,0,0
1,1,1,15300,293,-2,15,1,0,0,0
2,1,2,8520,216,-21,12,1,0,0,0
1,1,1,7870,141,-71,-67,1,700,700,0
1,1,2,4490,35,-78,-73,1,0,0,0
1,1,1,26550,330,-17,-23,1,1700,1000,0
1,2,2,11240,554,22,82,1,0,0,0
2,2,2,6660,153,-35,-58,2,0,0,0
1,1,2,9070,28,1,-30,1,0,0,0
1,1,1,104340,1269,221,108,1,0,0,0
2,2,1,25250,668,-50,-9,1,4000,4000,0
1,1,2,63550,325,15,35,1,0,0,0
2,1,1,10280,228,-12,-10,1,0,0,0
1,2,2,14350,36,-47,-47,1,0,0,0
2,1,1,13960,293,-12,12,1,30000,30000,0
1,1,2,18330,91,-57,-43,1,4000,4000,0
2,1,1,29720,368,12,-14,1,4000,4000,0
1,2,1,40610,672,22,25,1,0,0,0
1,2,1,44500,660,49,59,1,1100,700,0
1,2,1,140090,380,-40,-46,1,0,0,0
1,2,2,6260,114,-49,-53,1,0,0,0
1,1,1,18470,525,-46,-41,1,0,0,0
1,2,1,24360,444,-20,-31,1,0,0,0
1,1,2,14610,373,56,15,1,0,0,0
1,1,2,13780,289,28,20,1,0,0,0
1,2,1,7600,246,-42,-25,2,0,0,0
2,2,1,92760,967,-42,-31,2,65800,60000,0
2,1,1,39830,636,36,28,1,0,0,0
1,2,2,22890,81,-63,-58,1,0,0,0
2,1,1,22850,515,-13,-10,1,0,0,0
1,1,1,37480,660,25,35,1,0,0,0
1,1,2,342050,1607,-2,-20,1,0,0,0
1,2,1,37840,468,-57,-47,1,1200,600,0
2,2,1,49030,1026,71,34,1,0,0,0
1,2,1,37820,347,16,24,1,4000,3000,0
1,1,2,51320,239,11,23,1,6000,6000,0
1,1,1,104210,185,-39,-56,1,500,300,0
1,1,2,3510,19,22,-52,1,0,0,0
2,2,1,59950,815,105,67,1,0,0,0
2,2,2,301550,922,32,66,1,3000,3000,0
2,1,1,37340,683,25,38,1,0,0,0
1,1,1,16430,213,-27,-47,1,6000,6000,0
1,1,2,3170,36,-88,-79,1,0,0,0
1,2,1,49070,587,28,-20,1,2400,2000,0
2,1,1,87260,2457,275,258,1,80000,80000,0
1,1,1,38400,555,62,21,1,12000,8000,0
1,3,2,11350,94,-87,-84,1,0,0,0
1,1,2,37490,224,-70,-51,1,0,0,0
1,2,1,67360,1525,139,135,2,80200,80000,0
2,1,1,12840,350,157,40,1,0,0,0
1,1,1,14650,325,-56,-40,1,300,300,0
1,1,2,2440,16,-27,-60,1,0,0,0
1,2,1,28210,618,15,47,1,0,0,0
1,1,2,119460,269,-70,-64,1,0,0,0
2,2,2,12520,184,0,-26,1,0,0,0
1,2,2,8190,325,-13,3,1,0,0,0
2,1,1,58720,513,175,8,1,0,0,0
2,2,1,30220,592,6,-6,2,100,100,0
1,1,1,9890,89,-63,-79,1,20000,20000,0
2,2,2,44240,678,327,79,2,0,0,0
2,2,1,38240,410,47,-15,1,100,100,0
1,1,2,3420,74,-73,-70,1,0,0,0
2,2,1,63190,840,115,69,1,600,400,0
2,1,1,60710,782,92,79,1,4800,2000,0
1,2,2,4650,104,-62,-57,1,0,0,0
1,1,1,48710,547,41,-3,1,0,0,0
1,1,1,25050,353,-7,-19,1,0,0,0
2,1,1,34120,519,14,5,1,400,400,0
2,1,1,36100,350,54,-26,1,100,100,0
2,1,1,17880,237,-40,-47,1,3000,3000,0
1,1,2,1870,11,-24,-72,1,0,0,0
2,1,1,34800,450,17,1,1,3200,3000,0
2,1,1,54050,373,-14,-31,1,9400,6000,0
1,1,2,10730,205,-5,-16,1,0,0,0
2,1,2,8470,203,-17,8,1,0,0,0
2,2,1,14890,540,-64,-53,1,0,0,0
1,1,1,92380,514,25,29,1,4300,2000,0
2,2,1,18180,609,-47,-36,2,0,0,0
1,2,2,5690,100,-53,-59,1,0,0,0
2,2,1,1811640,1927,47,41,1,40000,40000,0
1,1,1,8210,247,-44,-23,1,0,0,0
1,1,2,3390,13,55,-68,1,0,0,0
2,2,1,27900,598,-45,-18,1,300,300,0
2,1,2,102550,731,-53,-45,1,0,0,0
2,1,1,14050,271,-3,2,1,300000,300000,0
1,1,1,36860,681,0,12,1,3000,3000,0
1,1,2,2440,63,-10,58,1,0,0,0
1,2,1,61110,439,86,62,1,1600,600,0
1,1,2,2680,14,34,-65,1,0,0,0
2,2,2,15500,255,72,86,1,2000,2000,0
1,1,2,16960,130,-56,-34,1,4000,4000,0
1,1,1,22220,415,-5,-11,1,7000,7000,0
1,1,2,9550,24,-86,-77,1,0,0,0
1,2,2,5550,168,-52,-53,1,0,0,0
2,1,1,16450,378,-48,-16,1,0,0,0
1,2,1,32660,290,31,-42,1,0,0,0
1,2,2,15300,29,-19,-45,1,0,0,0
1,2,2,32830,85,33,31,1,0,0,0
1,2,2,9380,234,-13,-3,1,0,0,0
1,1,1,19390,469,-39,10,1,0,0,0
1,1,1,58190,419,158,-14,1,0,0,0
2,2,2,32600,880,224,153,1,60500,60000,0
1,1,2,6530,266,-48,6,1,0,0,0
2,1,1,38220,1192,33,35,1,6000,6000,0
1,1,1,373180,1246,-32,-14,1,2000,2000,0
1,1,2,2260,17,-29,-58,1,0,0,0
2,2,1,87060,1043,212,122,1,2800,2000,0
1,1,2,10160,278,-5,15,1,0,0,0
2,1,1,19120,194,-40,-39,1,9300,6000,0
2,1,1,31010,512,45,7,1,0,0,0
1,1,1,19630,295,-40,-11,1,8300,7000,0
1,1,2,6910,25,-85,-66,1,0,0,0
1,1,1,48390,532,104,16,1,0,0,0
1,1,2,3610,154,-67,-55,1,0,0,0
1,2,1,12980,436,-13,16,2,0,0,0
1,3,1,37660,658,-5,7,3,0,0,0
1,1,2,209760,919,46,89,1,0,0,0
2,1,1,6580,161,-75,-63,1,0,0,0
1,1,2,13520,363,8,45,1,0,0,0
2,2,2,21920,763,112,117,1,4000,4000,0
1,2,1,9060,165,-67,-66,1,0,0,0
1,1,1,19580,439,-44,-24,1,0,0,0
1,2,2,16010,446,75,43,1,0,0,0
1,3,2,47250,961,517,305,3,200,200,0
1,2,2,68200,137,-5,-38,1,0,0,0
1,1,1,8180,136,-64,-66,1,0,0,0
1,2,1,29990,354,79,35,1,400,400,0
1,1,2,5170,19,-27,-52,1,0,0,0
1,2,1,48240,565,187,116,1,0,0,0
1,1,2,41950,135,-39,-36,1,5000,5000,0
2,1,1,27390,674,-17,30,1,0,0,0
1,1,2,4400,67,-64,-71,1,0,0,0
1,2,1,28230,513,-11,3,1,0,0,0
1,2,2,6450,163,-30,-48,1,0,0,0
1,1,1,82480,172,-34,-21,1,1000,1000,0
1,1,1,29240,217,-71,-85,1,8000,5000,0
2,2,2,23200,366,179,118,1,0,0,0
1,1,2,99160,514,-34,4,1,4000,4000,0
1,2,2,7990,20,-34,-50,1,0,0,0
1,1,2,4230,48,-92,-85,1,0,0,0
2,1,1,32490,595,-7,7,1,0,0,0
1,1,1,25480,484,-20,-8,1,7000,7000,0
1,2,1,11160,543,-41,7,1,0,0,0
1,1,1,15290,315,-13,-1,1,400,400,0
1,1,2,75670,207,18,4,1,600,600,0
1,1,2,40370,755,223,202,1,0,0,0
2,2,1,1355970,2326,-7,-12,1,0,0,0
2,1,1,7060,150,-69,-60,1,0,0,0
2,1,1,35540,487,31,3,1,0,0,0
1,1,1,38560,741,237,166,1,7000,7000,0
2,2,2,13330,443,29,26,1,0,0,0
2,2,2,21540,862,134,182,2,4200,4000,0
1,1,2,8280,30,-27,-25,1,0,0,0
2,2,1,13600,215,-60,-29,2,3600,3000,0
1,2,1,200350,1668,43,24,1,0,0,0
1,1,1,782750,1593,9,-17,1,6000,3000,0
1,3,2,24940,543,226,129,3,2500,2000,0
2,1,1,329680,1268,-24,-26,1,70000,70000,0
1,1,2,3090,18,5,-55,1,0,0,0
1,2,1,43030,625,50,26,1,300,300,0
1,1,2,5280,178,-29,-16,1,0,0,0
1,1,1,15820,382,-32,0,1,0,0,0
2,1,1,79790,1419,39,80,1,21200,20000,0
1,1,2,65100,172,-82,-75,1,3000,3000,0
1,2,2,1630,26,-72,-44,1,800,800,0
1,1,2,2780,19,8,-52,1,0,0,0
2,2,2,7540,133,-40,-47,1,0,0,0
2,1,1,96070,537,3,19,1,49200,40000,0
2,2,1,44640,743,58,54,1,0,0,0
1,1,1,26210,512,-13,4,1,0,0,0
1,2,1,23290,592,-58,-37,2,500,500,0
1,2,1,38880,689,197,110,2,2000,2000,0
1,2,1,73180,488,11,20,1,9600,6000,0
1,2,1,121720,1170,1,2,1,5000,5000,0
1,2,1,36770,657,25,57,1,1000,1000,0
2,2,1,29520,779,-28,-32,1,0,0,0
2,1,1,16260,220,-50,-50,1,3500,3000,0
1,1,2,25510,60,-75,-60,1,0,0,0
2,1,1,11550,152,-49,-60,1,100,100,0
2,1,1,27020,294,334,-5,2,0,0,0
1,2,1,33620,762,97,77,1,700,700,0
2,1,1,27810,499,-17,-9,1,0,0,0
1,1,1,41740,331,37,29,1,1100,700,0
2,2,1,21070,266,-19,-45,1,0,0,0
1,1,1,372380,1264,-26,-9,1,0,0,0
2,1,1,29480,510,-7,-39,1,0,0,0
1,2,1,34170,610,19,23,1,500,500,0
1,1,2,3510,27,-22,-35,1,0,0,0
1,1,2,41340,89,42,12,1,0,0,0
1,1,2,4580,91,-72,-50,1,1000,1000,0
1,2,1,3560,83,-79,-67,1,0,0,0
2,1,1,347400,1684,-28,-22,1,31000,30000,0
1,1,2,7040,37,-8,-26,1,5500,5000,0
1,1,2,63550,325,15,35,1,0,0,0
2,2,1,48950,744,67,53,1,0,0,0
1,1,2,12960,194,27,3,1,0,0,0
1,1,1,557230,1642,2,11,1,0,0,0
1,2,2,9980,295,-20,18,1,0,0,0
1,1,2,6880,250,-43,1,1,0,0,0
1,2,1,36410,519,46,4,1,0,0,0
2,1,1,56900,761,98,-4,1,2700,2000,0
2,2,1,14460,271,-42,-40,2,0,0,0
1,1,2,42300,55,37,-10,1,4000,4000,0
1,1,2,3580,84,-49,-50,1,0,0,0
1,1,2,3380,262,-68,-30,1,0,0,0
1,1,2,58850,236,-73,-74,1,0,0,0
2,1,2,3610,107,-65,-72,1,0,0,0
2,1,1,37620,520,8,-6,1,0,0,0
2,1,1,33640,699,150,81,1,0,0,0
1,1,2,3300,15,24,-62,1,0,0,0
2,1,1,60930,866,101,72,1,10000,10000,0
1,2,1,6340,102,-62,-60,1,0,0,0
1,1,1,8620,201,-51,-37,1,0,0,0
2,2,1,30150,691,13,52,1,0,0,0
1,2,2,12300,424,34,39,1,0,0,0
2,2,1,88360,443,1,15,1,6300,4000,0
2,1,1,110510,708,-58,-58,1,44200,40000,0
2,1,1,42330,661,53,-22,1,20000,20000,0
1,1,2,13880,248,9,2,1,0,0,0
1,1,2,12240,452,33,104,1,0,0,0
1,1,2,2180,10,-24,-75,1,0,0,0
1,2,2,28210,83,8,30,1,3000,3000,0
2,1,2,13160,271,58,61,1,0,0,0
1,1,2,8790,53,-91,-91,1,3000,3000,0
1,2,1,4170,224,-78,-64,1,0,0,0
1,1,2,4150,67,-95,-87,1,0,0,0
2,2,1,69230,955,162,106,2,34000,30000,0
1,1,1,166180,448,-30,-19,1,400,400,0
1,1,2,590,11,-74,-72,1,0,0,0
1,1,1,641120,1571,-17,6,1,800,800,0
2,2,1,439210,2259,-21,-2,1,18000,10000,0
2,2,2,8330,113,-19,-69,2,0,0,0
1,2,2,4560,112,-63,-54,1,0,0,0
1,1,2,2340,19,0,-52,1,0,0,0
1,1,1,675030,1992,12,-14,1,5300,2000,0
1,1,2,7590,20,-31,-50,1,0,0,0
1,1,2,114540,488,-23,0,1,8000,5000,0
2,1,2,5920,82,-94,-85,1,0,0,0
1,1,1,18210,150,-54,-51,1,7700,5000,0
1,1,1,46400,652,43,7,1,0,0,0
1,2,1,48050,531,92,6,1,205000,200000,0
1,1,1,23920,359,-45,-57,1,5000,5000,0
1,1,1,316200,1089,-37,-21,1,2700,1000,0
1,2,1,328050,707,51,0,1,200,200,0
2,2,1,50890,602,42,69,1,70500,70000,0
1,1,1,2102300,4014,27,26,1,4000,3000,0
1,1,1,73930,94,-55,-76,1,1000,1000,0
1,2,2,20040,402,60,61,1,0,0,0
2,3,1,111380,952,146,37,2,400,400,0
1,1,2,3550,38,-89,-82,1,0,0,0
1,2,2,10920,136,58,-16,1,200,200,0
1,1,2,4310,172,-30,9,1,0,0,0
1,2,1,37520,843,13,57,1,0,0,0
2,1,1,55120,713,85,59,1,9200,9000,0
1,2,2,29650,93,-51,-20,1,0,0,0
1,1,2,6460,27,-37,-32,1,0,0,0
1,1,1,1256570,3289,86,88,1,6200,5000,0
1,1,2,29290,235,-20,24,1,500,500,0
1,1,2,3100,22,4,-45,1,0,0,0
2,1,1,19220,149,-34,-33,1,10700,5000,0
2,2,1,21900,276,128,71,1,600,600,0
2,1,1,36530,700,27,42,1,0,0,0
1,2,1,57860,383,95,92,1,4700,4000,0
1,1,2,28820,171,-23,40,1,3000,3000,0
2,1,2,8880,112,-15,-71,1,7000,7000,0
1,2,1,39980,629,14,43,2,2800,2000,0
1,2,1,16330,449,-13,-28,1,0,0,0
1,1,1,63760,195,-73,-65,1,0,0,0
2,2,1,34930,459,19,-6,1,0,0,0
1,1,2,9700,216,-22,-14,1,0,0,0
1,2,2,2960,49,-62,-34,1,0,0,0
1,1,1,1531530,1680,52,18,1,5000,3000,0
1,2,2,6550,163,-33,-29,1,0,0,0
2,2,1,40030,577,-28,-13,1,0,0,0
1,2,2,154420,319,-46,-43,1,3000,3000,0
1,1,2,3720,43,75,8,1,0,0,0
2,1,2,20040,777,99,123,1,0,0,0
1,1,1,7090,124,-69,-69,1,0,0,0
1,1,2,15640,326,67,1,1,200,200,0
2,2,1,31030,534,-8,0,1,600,600,0
1,2,2,11500,30,-3,-25,1,0,0,0
2,1,1,29790,695,121,80,1,0,0,0
2,1,1,54920,801,102,70,1,200,200,0
2,1,2,9680,210,-7,-45,1,0,0,0
2,1,1,383490,1401,-42,-30,1,30000,30000,0
1,2,1,39880,342,15,21,1,2800,1000,0
2,2,1,28360,781,7,68,2,0,0,0
1,3,2,24740,530,223,123,3,7000,7000,0
1,1,2,1910,46,-84,-80,1,0,0,0
2,2,2,4070,173,-61,-54,2,0,0,0
1,2,2,67210,420,-31,-32,1,4000,4000,0
1,2,2,12290,471,30,49,1,500,500,0
1,2,1,30740,318,83,22,1,900,900,0
2,2,1,21760,391,-25,-11,1,1000,1000,0
1,1,2,2360,16,-54,-71,1,0,0,0
1,1,2,9980,170,-54,-13,1,1000,1000,0
1,2,1,48250,573,9,44,1,12600,8000,0
2,1,1,117120,1095,-22,-24,1,5700,4000,0
2,1,2,7220,218,-29,16,1,0,0,0
1,2,1,30990,525,5,25,1,0,0,0
1,1,1,93120,1238,-32,-38,1,2000,2000,0
2,2,1,17370,365,-37,-54,1,0,0,0
2,1,1,59250,1452,59,39,1,500,500,0
1,1,1,1449990,1581,51,12,1,0,0,0
2,1,1,21660,433,-30,-14,1,0,0,0
1,1,1,12350,296,101,21,1,0,0,0
2,2,1,38590,716,32,47,1,0,0,0
1,2,2,30110,1068,199,207,2,2000,2000,0
1,1,1,259110,1409,-11,46,1,900,900,0
1,1,2,4620,175,-63,-30,1,0,0,0
1,1,1,424650,1069,1,7,1,6000,4000,0
1,2,1,20910,546,179,233,2,0,0,0
1,1,1,396530,1209,-10,-13,1,6000,6000,0
2,1,1,51660,626,19,29,1,500,500,0
1,2,2,21730,56,37,18,1,0,0,0
1,2,1,69240,857,142,73,1,0,0,0
2,1,1,66320,1644,72,53,1,6000,5000,0
1,1,1,149050,697,-54,-35,1,6000,6000,0
2,2,1,19420,591,9,29,1,0,0,0
2,1,1,14110,280,-59,-49,1,0,0,0
2,2,1,25050,451,-14,-7,1,0,0,0
1,1,2,18890,386,102,19,1,400,400,0
2,2,1,19760,328,-42,-43,1,0,0,0
1,1,1,54030,335,-3,13,1,13300,9000,0
1,1,1,32470,388,15,-17,1,80000,80000,0
2,1,1,15190,208,-38,-48,1,700,700,0
1,1,2,11330,246,-9,-2,1,0,0,0
2,1,2,5350,162,-49,-57,1,0,0,0
1,1,1,41970,592,220,130,1,0,0,0
2,2,1,46430,737,3,46,1,15000,9000,0
1,1,1,103460,208,-37,-29,1,0,0,0
1,1,1,9160,300,-72,-28,1,0,0,0
1,2,1,27590,314,6,-35,1,0,0,0
1,2,1,13000,311,-50,-36,1,0,0,0
2,1,1,23710,481,-25,-42,1,0,0,0
1,2,2,11730,336,34,13,1,0,0,0
2,1,1,14710,321,-58,-42,1,2000,2000,0
2,1,1,20660,400,-34,-11,1,400,400,0
1,1,1,35800,341,16,38,1,0,0,0
1,2,2,4930,109,-59,-31,1,5000,5000,0
2,2,1,22720,181,-9,-64,1,0,0,0
1,2,1,15710,308,101,70,1,0,0,0
1,1,1,302440,1250,-16,9,1,600,300,0
1,1,1,212260,729,-50,-28,1,1400,1000,0
1,3,1,34900,798,-12,30,3,0,0,0
1,1,1,25650,157,2,-42,1,16900,8000,0
1,1,1,178220,371,13,7,1,800,400,0
1,1,2,50580,134,15,-18,1,0,0,0
1,1,1,23400,140,-20,-24,1,2000,800,0
2,1,1,233800,1315,7,-7,1,20700,20000,0
1,2,2,13120,19,-73,-81,1,0,0,0
2,1,1,31800,585,-9,6,1,100,100,0
1,1,1,44320,269,-64,-85,1,3000,2000,0
1,1,2,48990,194,-27,-3,1,4000,4000,0
1,2,1,14830,492,-21,-2,1,0,0,0
1,1,2,9430,44,-50,-17,1,0,0,0
1,2,2,11140,295,4,22,1,0,0,0
2,1,1,76560,586,-47,-41,1,9500,4000,0
1,2,1,309010,983,15,38,2,1800,1000,0
2,2,1,25430,634,-11,-17,1,0,0,0
1,1,1,166700,363,-34,-56,1,0,0,0
2,1,1,38010,410,-10,10,1,1000,1000,0
2,2,2,11660,330,26,49,1,0,0,0
1,2,1,1496830,1645,21,15,1,5700,5000,0
2,1,1,1699290,3425,21,36,1,50000,50000,0
1,1,2,2940,65,-20,-40,1,0,0,0
1,2,1,31460,396,13,-18,1,0,0,0
1,1,2,10370,402,3,16,1,0,0,0
2,2,2,14770,48,-60,-41,2,0,0,0
2,1,1,19910,373,-24,-2,1,5000,5000,0
2,2,1,64790,909,117,76,1,8000,8000,0
2,1,1,56940,769,72,48,1,40000,40000,0
1,2,1,30980,480,11,0,1,0,0,0
2,1,1,47980,382,-26,-32,1,38600,30000,0
2,1,1,40250,451,91,91,1,2900,2000,0
2,2,1,1283710,1556,17,9,1,40600,40000,0
1,2,1,10130,133,-67,-32,1,2000,2000,0
1,1,1,18130,463,-51,-24,1,0,0,0
2,1,2,26830,584,287,205,1,0,0,0
2,2,1,42350,1625,70,144,1,0,0,0
2,1,1,30430,308,-16,-19,1,4500,4000,0
2,1,2,24870,507,259,165,2,0,0,0
2,1,1,162190,1702,-7,0,1,0,0,0
2,1,1,22840,842,146,311,2,0,0,0
2,2,2,15210,133,22,-47,1,700,700,0
2,2,1,45680,1276,84,92,1,500,500,0
1,2,2,9860,324,7,46,1,0,0,0
2,2,1,21400,391,-14,-14,2,300,300,0
1,1,2,32070,138,-36,-23,1,0,0,0
1,1,2,3250,127,-47,-20,1,0,0,0
1,1,1,285750,791,1,-19,1,0,0,0
1,2,1,48820,446,57,75,2,3900,2000,0
1,2,1,21750,635,-38,-40,1,0,0,0
2,1,1,9140,335,-69,-25,1,0,0,0
2,1,1,536260,1733,2,-4,1,74000,70000,0
1,1,2,2270,78,-82,-69,1,0,0,0
2,2,1,46810,552,28,47,1,27500,20000,0
2,1,2,16380,736,63,112,1,0,0,0
1,2,1,12440,333,-63,-38,1,0,0,0
2,2,1,23790,589,56,34,2,0,0,0
2,2,2,37600,833,329,334,2,0,0,0
1,1,2,19260,53,97,32,1,0,0,0
1,2,1,19810,209,21,-22,1,0,0,0
1,1,2,4160,189,-67,-24,1,0,0,0
1,2,1,134640,611,-41,-16,1,0,0,0
1,1,2,15590,82,-59,-48,1,0,0,0
1,1,2,76150,260,-52,-50,1,4000,4000,0
1,1,1,1189240,2159,-3,-12,1,5200,4000,0
1,1,2,8780,178,279,91,1,0,0,0
1,2,2,45150,140,24,-4,1,0,0,0
1,2,1,59240,941,5,29,1,5200,3000,0
1,1,2,59210,175,-54,-61,1,0,0,0
1,1,2,15040,458,50,32,1,400,400,0
1,1,2,2960,108,-76,-57,1,0,0,0
2,2,2,5660,93,-55,-63,1,0,0,0
1,1,1,36680,513,47,3,1,0,0,0
2,2,1,53730,1444,116,117,1,80000,80000,0
1,1,2,414700,900,69,63,1,0,0,0
1,1,1,368340,1325,-28,-4,1,2000,2000,0
1,1,2,590,11,-74,-72,1,0,0,0
1,1,2,29500,92,-21,6,1,300,300,0
1,1,2,65800,259,-58,-49,1,4000,4000,0
1,2,2,58230,279,8,27,1,0,0,0
2,2,2,13110,417,57,148,1,0,0,0
2,1,1,68600,1052,138,33,1,900,900,0
1,1,1,82460,154,-17,-16,1,0,0,0
2,2,1,65150,952,25,60,1,4100,2000,0
1,2,1,9450,209,-63,-59,1,0,0,0
1,1,2,9030,342,-14,-8,1,80000,80000,0
1,2,2,7560,133,-34,-47,1,4000,4000,0
1,1,1,23170,348,-18,-25,1,0,0,0
1,2,1,722590,2125,-17,30,1,5000,4000,0
2,1,1,542890,1623,-51,-14,1,25000,20000,0
1,2,1,17610,228,5,-13,1,0,0,0
1,1,1,28570,336,3,-13,1,2000,2000,0
2,1,2,6850,355,191,309,2,0,0,0
1,1,2,10330,35,-11,-32,1,0,0,0
1,1,2,9920,221,37,36,1,0,0,0
2,2,2,9980,145,-3,-60,2,0,0,0
1,1,2,54990,182,1,-28,1,0,0,0
2,1,1,12870,364,-57,-26,1,0,0,0
1,1,2,12880,62,-35,12,1,0,0,0
1,2,1,240350,458,24,34,1,3000,2000,0
1,1,2,23440,514,151,59,1,8000,8000,0
2,2,2,6200,211,-50,-16,1,0,0,0
1,1,2,22710,68,-57,-70,1,0,0,0
1,1,1,28500,337,-26,-22,1,400,400,0
1,1,2,96080,433,60,92,1,0,0,0
1,1,1,154830,1252,33,11,1,1100,700,0
2,1,1,15650,316,-52,-28,1,0,0,0
1,1,2,9000,241,31,40,1,0,0,0
1,2,1,31340,726,109,92,2,9500,9000,0
1,1,2,2150,13,-18,-68,1,0,0,0
1,2,2,5820,308,-37,-1,1,0,0,0
1,2,2,13550,326,8,30,1,0,0,0
1,1,1,24360,351,-25,-16,1,1300,900,0
2,1,1,35010,390,18,-13,1,0,0,0
1,1,2,20700,37,-9,-22,1,0,0,0
1,1,1,25010,524,-27,-41,1,0,0,0
1,1,1,78430,455,12,8,1,207900,200000,0
1,1,1,1661100,1772,52,32,1,9000,9000,0
2,1,2,37050,649,435,239,2,0,0,0
2,1,2,131820,583,-47,-42,1,1000,1000,0
1,2,2,10540,321,15,3,1,0,0,0
1,2,2,17930,347,668,323,3,0,0,0
1,1,1,300520,894,37,37,1,0,0,0
2,1,1,32500,474,-5,10,1,700,700,0
1,1,1,35510,313,8,3,1,500,500,0
2,1,1,1104700,2584,3,33,1,0,0,0
1,3,1,22210,658,-48,0,2,0,0,0
1,2,1,28440,405,-19,-27,1,0,0,0
2,1,1,42110,555,213,118,1,0,0,0
1,1,2,25580,120,-54,-53,1,6000,6000,0
1,1,1,40350,645,24,5,1,0,0,0
1,1,1,477750,1132,86,60,1,1500,600,0
2,3,1,68040,1049,50,51,2,4000,4000,0
1,1,1,27780,386,-15,-8,1,5000,5000,0
1,2,1,42930,341,54,-11,1,6200,3000,0
1,1,2,5890,301,-43,-13,1,0,0,0
1,2,2,18400,46,-68,-60,1,0,0,0
1,1,1,19170,430,-1,29,1,0,0,0
2,1,1,77040,772,143,-7,1,2000,2000,0
1,1,2,15180,48,-72,-72,1,0,0,0
1,1,2,6860,282,-45,13,1,0,0,0
2,1,2,15280,521,63,74,1,0,0,0
2,1,1,28010,693,23,3,1,0,0,0
1,2,1,27150,441,-11,-31,1,0,0,0
1,2,1,169370,644,-53,-45,1,0,0,0
1,1,1,94190,2191,161,117,1,116500,90000,0
2,1,1,18780,337,-35,-32,1,9900,9000,0
1,1,1,28130,347,-19,3,1,3100,2000,0
1,1,1,59640,722,98,47,1,600,400,0
1,3,1,54500,757,35,19,3,0,0,0
1,2,1,16480,401,-35,-10,1,0,0,0
1,2,2,10900,176,34,4,1,700,700,0
1,1,1,105160,284,34,66,1,6000,6000,0
2,2,1,25130,455,-13,-42,1,1000,1000,0
2,2,2,4690,126,-55,-65,2,0,0,0
1,1,1,32210,510,147,95,1,600,600,0
1,2,1,40140,417,19,35,1,11300,4000,0
1,1,2,4760,35,-94,-73,1,0,0,0
1,1,1,53390,432,-7,15,1,3200,3000,0
1,1,1,86740,486,17,25,1,9000,7000,0
1,1,1,30650,424,29,-8,1,4000,4000,0
1,1,1,24890,363,-26,-32,1,500,500,0
1,1,2,19500,80,-51,-51,1,4000,4000,0
2,1,2,6450,112,-38,-71,1,0,0,0
2,1,1,13390,203,-14,-43,1,0,0,0
1,2,2,6340,18,10,-70,1,9300,9000,0
2,2,1,62860,596,154,31,2,1300,500,0
1,1,2,11620,23,-76,-71,1,0,0,0
1,2,1,15030,484,-5,22,1,0,0,0
1,1,2,46380,133,6,-16,1,5000,5000,0
1,1,2,3320,98,-52,-44,1,0,0,0
1,2,2,5250,66,-49,36,1,0,0,0
2,1,1,31620,520,-9,-4,1,0,0,0
2,2,1,21770,292,35,28,1,0,0,0
1,1,1,1345240,3510,-17,16,1,0,0,0
1,1,2,87740,357,-30,-24,1,0,0,0
2,1,2,23670,721,153,140,1,300,300,0
2,2,1,73820,322,-16,-14,1,52700,30000,0
2,1,1,34740,563,18,13,1,0,0,0
1,1,2,6220,76,-26,-65,1,0,0,0
2,1,1,9050,436,-10,1,1,0,0,0
2,1,1,43860,947,52,20,1,0,0,0
2,2,1,33400,749,81,52,1,0,0,0
2,2,1,23020,669,27,40,1,0,0,0
2,1,1,32030,350,12,-22,1,0,0,0
1,1,2,1350,112,-80,-36,1,0,0,0
1,1,1,247620,675,4,25,1,500,500,0
2,2,1,45470,573,64,65,1,33600,20000,0
1,2,1,229690,485,45,0,1,2500,1000,0
2,1,1,453850,1973,-23,-9,1,8000,8000,0
1,1,2,2910,24,-5,-40,1,0,0,0
1,1,2,6700,347,-36,-7,1,0,0,0
1,1,1,47370,296,-30,-28,1,8800,7000,0
2,2,1,32500,566,21,24,1,0,0,0
1,1,1,16030,236,-28,-36,1,5200,5000,0
2,2,2,19200,418,131,149,1,0,0,0
1,1,2,3530,27,30,-32,1,0,0,0
1,1,2,2700,14,-3,-65,1,0,0,0
1,1,2,39890,66,69,39,1,400,400,0
1,1,1,27740,423,-13,-34,1,0,0,0
1,1,1,54830,694,46,68,1,4000,1000,0
1,1,2,2440,104,-71,-61,1,0,0,0
1,2,1,26740,583,83,60,2,1400,800,0
1,1,1,11570,166,-46,-56,1,0,0,0
1,1,2,1980,18,-43,-55,1,0,0,0
2,1,1,16450,141,-47,-40,1,3800,3000,0
1,2,1,20760,326,-32,-49,1,0,0,0
1,2,2,19790,43,-18,0,1,0,0,0
1,1,2,8750,47,-80,-75,1,0,0,0
1,1,2,6650,27,-21,-32,1,0,0,0
1,2,1,362360,575,122,93,2,10400,7000,0
1,1,1,90330,913,98,75,1,14100,7000,0
1,2,1,16110,402,23,23,2,0,0,0
1,2,1,5680,210,-66,-20,1,0,0,0
1,1,2,950,4,-40,-90,1,0,0,0
1,1,1,24300,508,2,11,1,0,0,0
1,1,1,7030,202,-78,-53,1,0,0,0
1,1,2,7360,213,-4,-10,1,0,0,0
2,1,1,24880,527,85,37,1,0,0,0
1,1,2,2960,91,-19,-16,1,0,0,0
1,2,2,14970,409,39,69,1,0,0,0
2,2,1,93190,439,82,-53,1,81400,70000,0
1,2,1,29470,347,-14,22,2,0,0,0
2,2,1,24510,845,-16,9,2,0,0,0
2,2,2,30810,591,23,-5,3,200,200,0
2,2,1,44020,528,61,92,1,25100,20000,0
1,1,2,950,46,-68,15,1,0,0,0
1,2,2,12270,24,-52,-62,1,0,0,0
1,2,1,189170,371,9,22,1,1000,1000,0
1,1,1,13710,613,-21,6,1,0,0,0
1,2,1,29380,381,18,-15,1,0,0,0
1,1,2,1650,46,-37,15,1,0,0,0
2,2,1,109110,417,6,-54,1,1300,800,0
1,1,1,43490,352,26,24,1,0,0,0
1,1,2,2930,408,-77,67,1,0,0,0
2,2,2,10030,244,-20,-2,1,0,0,0
2,2,1,22450,568,47,29,2,0,0,0
1,1,1,56650,693,64,23,1,10000,10000,0
2,1,1,31320,407,35,-13,1,2000,2000,0
2,2,2,38900,697,56,12,2,0,0,0
1,2,1,65790,822,107,64,1,7000,7000,0
1,2,2,8820,280,-4,-10,1,0,0,0
2,1,1,20660,335,-42,-39,1,200,200,0
2,2,1,24950,344,-7,-21,1,300,300,0
2,2,1,56690,800,158,115,2,1000,1000,0
1,2,2,6330,327,-33,4,1,0,0,0
1,2,2,135210,3261,1245,838,2,208000,200000,0
2,1,1,56550,1092,93,120,1,0,0,0
1,2,1,22640,691,32,60,1,400,300,0
2,2,2,12780,376,23,-1,2,0,0,0
2,2,1,13880,507,-22,11,1,0,0,0
1,1,1,23580,462,34,46,1,6000,6000,0
1,1,2,3000,72,-75,-69,1,0,0,0
1,2,1,9410,383,-37,2,2,0,0,0
1,1,2,5020,32,77,-20,1,0,0,0
1,2,1,436650,1232,23,6,1,0,0,0
1,1,2,12470,124,61,-38,1,0,0,0
1,2,2,32240,61,65,18,1,0,0,0
2,1,1,21650,348,53,18,1,0,0,0
1,1,1,13830,145,-58,-51,1,3900,3000,0
2,2,2,31780,538,27,-14,2,0,0,0
2,1,1,24140,285,-27,-35,1,0,0,0
1,1,2,37360,171,-21,0,1,4000,4000,0
1,1,2,270490,865,83,78,1,0,0,0
1,1,2,5760,65,-36,-70,1,0,0,0
1,1,2,2570,10,18,-75,1,0,0,0
1,1,2,1490,10,-37,-75,1,0,0,0
1,1,2,4790,21,-94,-82,1,0,0,0
2,2,1,47370,1333,62,71,2,0,0,0
1,1,1,19680,411,-38,-3,1,10000,8000,0
1,1,1,24650,332,-29,-41,1,0,0,0
1,2,1,28920,659,114,96,2,0,0,0
2,1,1,47010,375,57,63,1,204400,200000,0
1,1,1,29320,526,125,101,1,90000,90000,0
2,2,1,29400,331,-32,-6,1,22000,20000,0
1,1,1,52780,350,-30,-16,1,200,200,0
1,2,1,21860,196,-16,-60,1,0,0,0
2,1,1,13260,563,-8,36,1,0,0,0
1,1,2,920,9,-65,-78,1,0,0,0
1,1,2,8960,28,-71,-51,1,0,0,0
1,1,1,12080,310,-22,10,1,4000,4000,0
1,1,2,5310,49,-88,-89,1,0,0,0
1,2,1,55310,644,107,-1,1,4900,4000,0
2,3,1,39900,984,-12,41,2,4000,4000,0
2,2,1,25760,410,-11,-7,1,200,200,0
1,1,1,26620,356,-18,-15,1,0,0,0
1,1,1,34900,946,6,76,1,4000,4000,0
1,2,1,32930,271,-16,-7,1,3000,3000,0
1,1,1,790830,1434,5,-4,1,13000,10000,0
1,1,2,9150,257,-11,-26,1,0,0,0
1,1,2,6980,37,-10,-81,1,300,300,0
1,1,2,23220,112,-53,-45,1,0,0,0
1,2,1,22900,481,-32,-8,1,0,0,0
1,2,1,179710,274,5,-42,1,3000,2000,0
1,1,2,46020,267,-18,6,1,5000,5000,0
1,2,1,582700,1232,-32,-28,1,7000,7000,0
1,2,1,17590,500,36,53,2,0,0,0
1,1,2,1270,9,-75,-78,1,0,0,0
2,1,1,44330,485,27,-10,1,0,0,0
2,2,1,12220,465,-78,-41,1,0,0,0
1,1,1,6800,224,-79,-47,1,0,0,0
1,1,1,8080,294,-48,4,1,0,0,0
2,1,1,19140,545,-10,-12,1,0,0,0
2,1,1,19640,302,-16,-36,1,0,0,0
1,1,1,15120,166,-35,-58,1,3000,3000,0
1,2,2,9870,363,8,16,1,8000,8000,0
2,1,1,39120,651,13,18,1,1000,900,0
1,1,1,26800,657,54,13,1,0,0,0
1,1,1,34150,346,17,38,1,6300,6000,0
1,2,1,17300,367,-40,-27,1,0,0,0
2,1,1,43940,327,41,36,1,41000,40000,0
2,1,2,16690,267,34,7,1,800,800,0
2,1,1,17050,367,19,-12,1,0,0,0
2,2,1,29710,473,-18,-20,1,0,0,0
1,2,1,40900,776,43,57,1,400,400,0
2,2,1,184710,1482,61,78,1,49800,30000,0
2,1,1,10530,177,-67,-60,1,0,0,0
1,1,1,22900,332,20,-1,1,0,0,0
1,1,2,42950,172,-76,-61,1,6000,6000,0
1,2,1,35910,636,8,19,1,0,0,0
1,2,1,10150,326,-25,-3,2,0,0,0
2,2,1,43420,623,56,33,1,500,400,0
1,2,2,15050,52,-61,-38,1,0,0,0
1,1,2,3110,23,6,-42,1,0,0,0
2,2,1,32180,934,44,57,1,400,400,0
1,2,2,94110,314,-76,-58,1,0,0,0
1,1,1,14010,340,-53,-32,1,600,600,0
1,2,2,24530,626,180,226,1,0,0,0
1,2,1,6360,274,-51,-16,2,0,0,0
1,2,1,13330,671,-64,-39,1,0,0,0
2,2,1,18340,534,3,17,1,0,0,0
1,1,1,38530,952,21,81,1,0,0,0
1,1,2,2740,17,0,-58,1,0,0,0
1,1,1,26130,220,-46,-27,1,2200,2000,0
1,1,2,4290,45,41,12,1,0,0,0
2,1,1,15770,549,-26,-12,1,0,0,0
1,2,2,14390,329,34,36,1,0,0,0
1,2,2,23000,157,-28,-17,1,2000,2000,0
1,1,1,85240,140,-47,-51,1,200,200,0
1,1,2,3770,50,-47,-40,1,0,0,0
2,1,1,525630,734,-54,-48,1,200,200,0
1,2,1,140610,254,-20,-17,2,800,800,0
2,1,1,22060,275,64,8,1,0,0,0
1,1,1,19820,527,73,89,1,0,0,0
1,1,1,14140,200,-39,-50,1,0,0,0
2,3,1,87250,1048,93,51,2,500,500,0
2,2,1,74380,895,153,80,1,0,0,0
2,1,1,25850,504,-18,13,1,0,0,0
1,1,2,1190,9,-45,-78,1,0,0,0
1,2,1,25850,595,100,83,2,0,0,0
1,2,2,8290,229,-15,0,1,0,0,0
1,2,2,5680,127,-43,-64,1,0,0,0
1,2,2,56120,222,100,89,1,5000,5000,0
1,2,2,5000,163,-50,-29,1,0,0,0
1,1,1,118860,1122,4,2,1,0,0,0
1,1,1,21280,217,-1,-43,1,0,0,0
1,1,1,6020,129,-71,-64,1,0,0,0
2,1,2,15840,275,90,64,1,4000,4000,0
2,2,2,16440,644,59,83,1,0,0,0
2,1,1,90650,2005,135,86,1,4000,3000,0
1,1,2,1180,14,-57,-65,1,0,0,0
1,1,2,3130,25,6,-38,1,0,0,0
1,2,2,12280,290,14,20,1,0,0,0
2,2,2,35370,656,41,5,3,200,200,0
1,1,2,10250,177,-18,-29,1,0,0,0
1,3,1,37170,881,-8,39,3,0,0,0
1,1,2,3460,47,14,18,1,0,0,0
1,1,2,47830,264,-65,-47,1,3000,3000,0
2,1,2,6780,112,-33,-40,1,0,0,0
2,2,2,19820,362,-21,-42,1,0,0,0
1,2,2,11400,50,14,0,2,0,0,0
2,1,2,11010,319,32,90,1,0,0,0
2,2,1,40130,1324,120,162,2,1100,600,0
1,2,1,211440,403,24,38,1,7300,4000,0
1,2,2,6980,30,-87,-72,1,0,0,0
2,1,1,12950,343,-12,-9,1,0,0,0
1,1,2,4190,43,-58,-49,1,0,0,0
2,2,1,834760,2307,37,18,1,54000,30000,0
1,1,1,210960,773,-44,-35,1,5000,5000,0
2,2,1,23490,748,32,63,1,0,0,0
1,1,1,23630,294,-20,-29,1,1800,900,0
2,2,1,42390,356,-48,-7,1,6600,3000,0
1,3,2,24620,490,222,106,3,400,400,0
1,2,2,432690,1012,30,50,1,0,0,0
1,2,1,36940,439,45,-1,1,0,0,0
2,2,1,37950,527,41,22,1,8000,8000,0
1,1,1,49440,491,56,-7,1,9300,6000,0
1,1,1,10050,342,-41,-39,1,0,0,0
1,1,2,7060,241,-44,-4,1,0,0,0
2,1,1,27480,441,-21,-18,1,4000,4000,0
1,2,1,273200,2387,89,71,1,3400,3000,0
1,1,2,31540,121,-32,-30,1,0,0,0
2,1,1,16830,396,-14,-18,1,0,0,0
1,2,2,10890,283,16,-9,1,0,0,0
2,1,1,18420,255,-21,-46,1,0,0,0
1,1,2,3760,22,-46,-45,1,0,0,0
1,1,2,3410,16,-66,-60,1,0,0,0
1,2,1,2595650,4365,81,66,1,0,0,0
2,1,1,459160,1714,-21,-11,1,40000,40000,0
1,2,1,37110,484,17,-3,1,1000,1000,0
1,2,2,10320,172,4,-51,1,0,0,0
2,2,1,25930,631,70,43,2,0,0,0
1,1,1,11610,315,-21,3,1,0,0,0
1,1,2,69440,266,41,30,1,0,0,0
2,2,1,42340,515,46,17,1,0,0,0
1,2,1,39970,831,196,147,2,0,0,0
1,2,1,19170,158,-44,-46,1,4500,4000,0
1,1,1,31220,530,13,10,1,0,0,0
2,1,1,15650,664,45,42,1,800,800,0
1,3,1,51740,847,28,33,3,200,200,0
1,2,2,6220,111,52,40,2,0,0,0
1,2,1,21350,376,-38,-31,1,0,0,0
1,1,1,15380,251,-34,-34,1,0,0,0
2,2,2,2970,142,-71,-61,2,0,0,0
1,2,2,40820,78,87,95,1,0,0,0
1,1,1,474770,1512,-32,-14,1,0,0,0
1,1,2,3310,17,33,-58,1,0,0,0
1,1,2,2020,18,-76,-76,1,400,400,0
1,1,1,25630,423,-24,-21,1,0,0,0
2,2,1,40560,1130,82,90,1,1200,700,0
1,1,1,47690,518,42,63,1,7400,3000,0
1,1,2,18870,47,-19,-3,1,4800,4000,0
2,1,1,9820,167,-60,-58,1,0,0,0
2,1,1,52120,695,66,55,1,2000,2000,0
1,2,1,254510,417,61,35,1,500,300,0
2,1,1,47700,535,48,22,1,0,0,0
2,2,1,44010,961,167,109,2,500,500,0
1,1,1,60420,537,30,43,1,4500,4000,0
2,1,1,19860,300,-24,-21,1,0,0,0
2,2,2,17500,647,74,86,1,0,0,0
2,1,1,34490,594,20,21,1,0,0,0
2,2,1,17300,656,-56,-43,1,7000,7000,0
1,1,2,10100,23,-82,-75,1,0,0,0
2,1,1,70450,1244,145,58,1,0,0,0
1,1,1,28060,470,-14,-11,1,0,0,0
1,1,2,4610,78,-68,-55,1,0,0,0
1,1,2,42820,150,28,9,1,3000,3000,0
1,2,2,2190,29,-69,-42,1,200,200,0
2,1,1,9890,183,-29,-31,1,0,0,0
2,1,2,7300,159,210,83,1,0,0,0
1,1,2,1820,55,-34,38,1,0,0,0
1,1,2,3120,190,-75,-24,1,0,0,0
2,1,1,229070,2597,30,51,1,100000,80000,0
2,1,2,4140,111,-59,-41,1,0,0,0
1,1,1,194580,697,-35,-32,1,0,0,0
1,1,2,14810,45,41,12,1,0,0,0
1,2,1,121520,247,-25,-26,1,400,400,0
2,1,2,2600,116,-76,-40,1,0,0,0
1,1,1,70740,154,-50,-36,1,0,0,0
1,1,1,37710,233,2,-12,1,2000,2000,0
1,2,1,27940,334,74,39,1,0,0,0
2,1,1,24100,392,-31,-29,1,0,0,0
1,2,2,6690,163,-3,0,1,0,0,0
2,1,2,3270,118,-69,-69,1,0,0,0
1,1,2,53250,140,-19,-31,1,0,0,0
2,1,1,36400,303,-53,-21,1,1400,1000,0
1,1,1,498400,1647,-4,-8,1,300,300,0
2,1,1,17500,324,21,22,1,0,0,0
1,2,2,6790,194,-30,-15,1,0,0,0
2,2,1,13590,359,-51,-23,1,1000,1000,0
1,2,1,18170,408,50,35,2,0,0,0
2,2,1,45650,664,55,34,2,0,0,0
2,1,2,11080,343,33,104,1,0,0,0
2,2,1,24750,548,-8,21,1,0,0,0
2,2,2,12480,260,0,4,1,0,0,0
2,1,2,2580,115,-77,-49,1,0,0,0
2,2,1,48330,1389,42,45,2,0,0,0
1,2,2,1020,10,-81,-82,1,0,0,0
2,1,1,22440,483,-29,10,1,0,0,0
1,1,2,7080,260,-41,5,1,0,0,0
1,2,1,37440,686,7,-35,1,0,0,0
1,1,1,23650,212,34,-33,1,1100,700,0
1,1,2,5640,193,-48,0,1,0,0,0
1,2,2,1200,15,-79,-74,1,0,0,0
2,2,1,40670,608,-19,-17,1,200,200,0
1,2,1,35940,609,28,-6,2,0,0,0
1,2,2,11500,35,13,-30,2,0,0,0
2,1,1,26460,554,-21,1,1,1000,1000,0
2,3,1,696470,1368,-16,-12,1,2400,2000,0
1,1,2,3840,13,60,-68,1,0,0,0
1,1,1,17660,140,-60,-52,1,900,900,0
1,1,2,146840,744,-68,-46,1,2000,2000,0
1,1,2,13640,210,123,33,1,0,0,0
2,1,1,103140,762,-42,-35,1,7500,5000,0
1,1,1,18370,486,18,72,1,0,0,0
1,2,1,34750,368,36,-17,1,0,0,0
2,2,1,51910,495,57,73,2,0,0,0
1,1,1,17050,404,-2,-30,1,700,700,0
1,2,1,25850,476,1,-6,1,0,0,0
1,1,1,101040,213,11,11,1,1700,1000,0
1,2,2,3530,131,-71,-46,1,0,0,0
1,1,1,36020,487,15,18,1,400,400,0
2,2,1,54660,1287,90,68,1,0,0,0
1,1,2,21900,60,-5,25,1,0,0,0
1,1,2,39770,870,218,248,1,0,0,0
1,2,2,8070,404,270,278,1,0,0,0
1,2,1,36230,822,177,151,2,8000,8000,0
1,1,2,9490,26,-60,-61,1,0,0,0
1,1,2,9540,339,3,53,1,0,0,0
2,2,1,63670,846,138,86,1,0,0,0
1,1,2,7160,182,-13,-34,1,0,0,0
2,1,1,17570,211,-61,-53,1,70800,70000,0
1,1,2,3520,107,-42,-32,1,0,0,0
1,1,2,10640,62,-68,-43,1,0,0,0
1,1,2,5180,73,-74,-51,1,400,400,0
2,1,1,28590,387,8,-10,1,1300,900,0
1,2,1,17600,543,-6,8,1,0,0,0
1,1,2,4810,142,-49,-56,1,0,0,0
2,1,2,8980,189,-14,-50,1,0,0,0
2,1,1,58160,897,-4,3,1,1900,1000,0
2,3,2,18900,208,-81,-67,1,3000,3000,0
1,1,2,9470,79,-81,-84,1,2000,2000,0
1,2,1,46580,260,-56,-48,1,2000,2000,0
1,2,1,2160800,4518,35,57,1,5100,2000,0
1,1,2,2760,24,2,-40,1,0,0,0
1,2,1,13550,358,-7,-2,2,0,0,0
1,1,1,21680,368,-24,-21,1,0,0,0
1,1,1,11690,235,-48,-52,1,0,0,0
1,1,2,3600,20,5,-50,1,0,0,0
1,1,2,13610,262,46,-19,1,0,0,0
1,1,2,26510,106,-55,-60,1,0,0,0
1,1,2,18820,299,75,24,1,4000,4000,0
1,2,1,21910,695,-10,-4,1,300,300,0
2,1,1,10000,208,-62,-49,1,500,500,0
1,1,1,9790,422,-4,-6,1,0,0,0
1,1,1,27450,512,16,0,1,300,300,0
1,2,2,24150,364,176,90,1,5000,5000,0
1,1,2,39620,195,-61,-53,1,4000,4000,0
1,2,1,190960,1651,58,45,1,11000,9000,0
1,1,2,4030,262,-61,-24,1,0,0,0
1,1,1,5240,18,-96,-96,1,600,600,0
1,2,1,29060,660,125,103,2,300,300,0
1,1,2,2540,19,12,-52,1,0,0,0
1,1,1,34980,296,-29,5,1,0,0,0
1,2,1,65240,1008,73,39,1,2500,1000,0
1,1,2,1910,87,-48,-20,1,0,0,0
1,1,1,16840,318,-28,-17,1,0,0,0
1,1,2,2410,39,-52,-24,1,0,0,0
1,1,1,33660,248,9,28,1,11100,8000,0
2,1,1,28500,446,-1,-1,1,0,0,0
2,2,1,48020,688,61,33,1,0,0,0
1,1,1,33500,231,48,-53,1,0,0,0
1,1,2,15840,436,27,74,1,0,0,0
1,1,2,3540,186,62,74,1,0,0,0
1,2,2,2480,145,-80,-40,1,0,0,0
1,1,1,325750,1068,50,67,1,3000,3000,0
1,2,2,11230,26,-56,-41,1,0,0,0
1,2,1,22260,422,-25,2,1,0,0,0
1,1,1,48930,769,54,46,1,0,0,0
2,2,1,41300,336,64,-17,1,4000,4000,0
2,1,1,28290,527,100,79,1,0,0,0
1,1,2,12620,37,16,-8,1,0,0,0
1,1,1,336600,984,-32,-34,1,4000,4000,0
1,1,2,10850,131,55,49,1,0,0,0
2,1,1,18310,317,-45,-27,1,0,0,0
2,1,1,33780,525,18,17,1,0,0,0
2,1,2,7460,189,-31,-2,1,0,0,0
1,1,2,5990,53,-42,-64,1,0,0,0
2,1,1,28300,569,-41,-20,1,8000,8000,0
1,1,2,72250,339,-70,-65,1,0,0,0
1,2,2,64200,198,86,35,1,500,500,0
1,1,1,15170,414,-56,-54,1,0,0,0
1,1,2,2870,22,-40,-45,1,0,0,0
1,1,2,30650,80,38,66,1,500,500,0
1,2,1,27670,305,283,53,1,0,0,0
1,1,2,8690,262,-6,18,1,0,0,0
1,1,2,12640,57,-63,-52,1,0,0,0
2,1,2,15760,318,89,89,1,0,0,0
1,2,2,15640,517,67,72,1,0,0,0
1,2,2,12430,32,14,-20,1,0,0,0
1,1,1,39390,460,27,50,1,4800,2000,0
1,2,2,11920,141,21,-60,1,800,800,0
1,1,2,5900,63,-30,-71,1,2000,2000,0
1,1,2,11440,121,-68,-37,1,0,0,0
1,2,1,248900,739,-9,0,2,400,400,0
1,2,2,19420,60,98,20,1,0,0,0
1,1,1,25680,515,-14,2,1,0,0,0
2,1,1,57010,535,144,14,1,600,600,0
1,1,2,18250,67,95,68,1,0,0,0
2,1,1,52360,1004,150,61,1,0,0,0
1,1,1,27540,291,28,-24,1,0,0,0
2,1,1,28360,434,-19,-20,1,0,0,0
1,1,2,4310,66,83,65,1,0,0,0
1,1,2,11390,89,47,94,1,300,300,0
1,2,2,8900,38,-83,-77,1,0,0,0
1,1,1,19420,279,-35,-13,1,2800,1000,0
1,1,1,514800,1369,95,94,1,15700,10000,0
1,1,2,4870,39,-15,-71,1,6000,6000,0
1,1,1,45180,370,98,44,1,5800,3000,0
1,1,2,2290,29,-15,-28,1,0,0,0
2,2,1,17290,278,-30,-39,2,4000,4000,0
1,1,1,31720,423,-6,-21,1,300,300,0
1,1,1,45080,468,3,-6,1,2000,1000,0
2,2,2,8620,172,-17,-55,2,0,0,0
2,1,2,8910,209,-22,-7,1,0,0,0
2,2,1,1367690,2902,0,90,1,25400,20000,0
1,2,2,34050,68,38,13,1,0,0,0
2,2,1,22820,833,25,65,2,0,0,0
1,1,1,788230,1484,-1,-1,1,0,0,0
1,2,1,34660,516,23,-20,2,0,0,0
1,1,1,26830,192,-77,-88,1,600,600,0
1,1,1,10870,220,-51,-40,1,0,0,0
1,2,1,17000,336,1,28,1,0,0,0
1,1,1,102710,1159,-11,5,1,400,400,0
1,1,1,22530,328,-39,-46,1,400,400,0
2,1,1,21000,466,-10,-1,1,0,0,0
2,3,1,45020,936,-1,35,2,1000,1000,0
1,1,1,481630,1678,-10,17,1,0,0,0
2,1,1,17200,262,47,14,1,0,0,0
2,1,1,17120,332,-37,-30,1,0,0,0
1,2,2,7510,169,-35,-53,1,0,0,0
1,1,1,768080,2124,8,24,1,300,300,0
1,1,2,2390,50,-73,-77,1,0,0,0
1,1,1,103380,2701,193,187,1,200000,200000,0
1,1,2,290,3,-67,-92,1,3000,3000,0
2,1,1,151210,1727,-18,-12,1,31800,20000,0
1,1,2,84630,233,-75,-67,1,0,0,0
2,1,1,256850,1650,-11,-31,1,1800,700,0
1,2,2,11150,201,11,-12,1,0,0,0
1,1,2,3130,72,-75,-71,1,0,0,0
1,2,1,16980,451,-30,-38,1,0,0,0
1,2,1,24690,565,56,42,1,0,0,0
1,2,2,31290,117,-52,-41,1,0,0,0
2,1,1,15740,222,4,-27,1,6000,6000,0
1,2,2,11130,126,-47,-40,1,4900,3000,0
1,1,2,3650,41,-44,-46,1,4000,4000,0
2,1,1,30140,426,-4,-5,1,11900,6000,0
2,1,2,8520,254,-32,2,1,0,0,0
2,2,1,28150,1047,-31,-9,1,0,0,0
1,1,2,3210,13,-5,-68,1,0,0,0
1,1,2,12950,41,-65,-55,1,0,0,0
1,1,2,219070,475,15,-4,1,0,0,0
2,2,1,19860,732,9,64,1,3000,3000,0
1,1,1,5710,195,-77,-61,1,0,0,0
1,1,1,32580,494,150,89,1,1600,700,0
2,1,1,65350,1081,18,33,1,0,0,0
2,2,1,51410,922,80,47,2,0,0,0
1,2,1,14370,338,-44,-24,1,400,400,0
1,2,1,150220,709,53,-25,1,23000,20000,0
1,1,2,2510,17,-16,-58,1,0,0,0
2,1,1,6920,158,-41,-32,1,0,0,0
1,1,1,45990,349,59,94,1,4200,3000,0
1,1,1,17570,471,0,48,1,700,700,0
1,2,1,8260,343,-39,2,2,0,0,0
1,1,1,16360,149,-28,-63,1,800,800,0
2,2,1,24490,1079,10,82,1,0,0,0
1,1,1,10080,349,11,40,1,3000,3000,0
2,2,1,40280,840,284,278,1,0,0,0
2,1,2,5990,141,-45,-27,1,0,0,0
1,1,2,5590,261,-40,-16,1,300,300,0
2,1,1,9940,142,-56,-62,1,0,0,0
2,1,1,44980,597,45,19,1,0,0,0
2,3,2,61620,195,-33,-4,1,3000,3000,0
2,2,2,6890,204,-34,-46,2,0,0,0
1,1,2,6150,25,97,-38,1,0,0,0
1,1,1,21050,458,72,70,1,60000,60000,0
1,1,2,1600,11,-66,-72,1,0,0,0
2,1,1,36910,455,6,-18,1,0,0,0
1,1,1,29730,539,-1,10,1,200,200,0
1,1,1,172120,537,-35,-41,1,0,0,0
1,1,2,3540,53,-71,-77,1,0,0,0
2,1,1,450060,2019,-33,-2,1,14000,8000,0
1,1,2,13160,46,-71,-76,1,0,0,0
2,2,2,16500,321,115,96,2,0,0,0
2,2,1,28930,948,-13,3,2,0,0,0
2,1,1,71730,1093,149,122,1,0,0,0
1,2,1,156780,1301,10,6,1,4700,3000,0
1,1,1,47740,276,-42,-76,1,7800,3000,0
2,2,2,21190,402,105,6,2,6000,6000,0
2,1,1,76610,987,141,19,1,0,0,0
1,1,1,55530,438,-8,18,1,2000,2000,0
1,1,1,15470,286,163,12,1,0,0,0
1,2,1,29800,627,12,-4,1,0,0,0
1,3,1,81430,886,90,34,2,0,0,0
2,1,1,11480,260,-57,-39,1,0,0,0
2,1,1,40150,525,33,40,1,0,0,0
1,2,2,12520,321,37,3,1,0,0,0
1,3,1,38620,719,-4,13,3,500,500,0
1,1,2,4240,25,19,-38,1,0,0,0
1,1,1,18780,498,21,76,1,3000,3000,0
1,1,1,27830,190,-79,-90,1,19000,8000,0
1,2,1,25480,429,-14,2,1,0,0,0
1,1,2,6130,111,-28,-59,1,0,0,0
1,2,1,833250,1840,64,-6,1,14600,10000,0
2,1,1,9360,157,-69,-68,1,0,0,0
2,2,1,9730,488,-71,-47,2,0,0,0
2,1,1,54980,544,66,24,1,1400,1000,0
1,1,1,13990,307,-58,-43,1,0,0,0
1,1,1,26400,510,13,9,1,0,0,0
1,1,1,19570,153,-36,-21,1,700,700,0
1,1,2,3860,53,-68,-77,1,0,0,0
1,1,2,6160,258,-46,6,1,0,0,0
1,1,1,40850,340,-16,18,1,400,200,0
2,2,1,47200,562,91,24,2,0,0,0
1,1,1,80100,867,150,35,1,1500,1000,0
1,1,2,74570,308,-41,-35,1,4000,3000,0
1,1,1,42860,588,24,5,1,0,0,0
1,1,1,16320,297,-45,-41,1,0,0,0
1,1,1,13540,437,-20,-21,1,0,0,0
1,1,2,9840,217,-6,6,1,10000,10000,0
1,1,1,8380,47,-78,-85,1,6000,6000,0
1,1,2,9990,118,17,-56,1,1000,1000,0
1,2,1,541040,1295,-26,-19,2,4200,3000,0
1,1,2,2840,115,18,-1,1,0,0,0
2,1,1,185910,2451,8,24,1,11300,4000,0
2,1,1,7810,236,-76,-46,1,0,0,0
1,1,2,12560,469,0,88,1,0,0,0
1,1,1,891720,2037,11,0,1,0,0,0
2,2,1,742750,3037,87,85,1,18000,8000,0
1,1,1,48630,126,-48,-35,1,0,0,0
1,1,2,5550,44,-31,-12,1,4300,4000,0
1,1,2,203850,476,-14,-32,1,3000,3000,0
1,1,2,218630,645,-11,14,1,3000,3000,0
1,2,2,10760,28,-1,-30,1,0,0,0
2,2,1,74960,1471,124,60,2,10000,10000,0
1,1,1,75050,675,134,5,1,13000,8000,0
2,2,1,23050,428,-19,-32,2,0,0,0
2,2,2,7400,169,-28,-54,2,0,0,0
1,1,1,24320,427,56,51,1,0,0,0
1,1,1,2880,92,-74,-67,1,2000,2000,0
2,2,1,27960,591,-1,23,1,2000,2000,0
1,1,1,18440,403,-50,-34,1,0,0,0
1,2,2,5250,66,-49,36,1,0,0,0
2,1,2,12650,214,52,27,1,0,0,0
1,1,1,32550,167,17,-8,1,13200,6000,0
1,1,2,14720,33,-70,-79,1,2000,2000,0
2,1,1,73160,654,155,46,1,3000,3000,0
1,1,2,430,3,-71,-92,1,0,0,0
2,1,2,9340,153,-10,-60,1,0,0,0
1,2,1,17470,643,-9,23,1,300,300,0
2,1,1,16220,753,50,61,1,0,0,0
2,2,1,46880,523,30,-12,1,0,0,0
2,2,1,14190,453,-46,-2,2,0,0,0
1,1,2,17730,134,97,-38,1,0,0,0
1,1,1,9940,226,-49,-32,1,500,500,0
2,1,2,2940,123,-72,-68,1,0,0,0
1,1,1,28450,528,3,9,1,0,0,0
1,1,1,17750,151,-49,-48,1,400,400,0
1,1,1,26130,260,-15,-21,1,7700,3000,0
2,2,1,17970,518,1,13,1,0,0,0
2,1,2,155980,742,65,24,1,20000,20000,0
1,2,2,13060,81,96,-18,1,0,0,0
2,2,1,22550,859,-23,10,2,300,300,0
1,1,1,27630,733,-23,-27,1,0,0,0
1,2,2,49410,74,-33,-69,1,6000,3000,0
1,2,1,34110,408,112,70,1,5300,4000,0
1,1,2,10040,216,7,-33,1,0,0,0
1,1,2,4200,74,54,85,1,0,0,0
1,1,2,2910,80,-58,-54,1,0,0,0
2,2,1,32500,873,97,90,2,300,300,0
2,2,2,30840,1022,235,235,2,0,0,0
1,2,2,30820,786,147,214,1,206000,200000,0
2,1,1,35300,816,-9,-24,1,0,0,0
1,3,1,71540,608,80,-1,3,4000,2000,0
2,2,1,59210,705,73,23,1,4000,2000,0
2,2,1,59820,855,100,65,1,600,300,0
1,1,1,15300,242,-2,-4,1,400,400,0
2,1,1,15530,237,33,-6,1,0,0,0
2,1,1,13070,189,13,-23,1,0,0,0
2,1,1,53990,718,80,45,1,4000,4000,0
1,2,2,7400,206,-31,-15,1,0,0,0
1,2,2,18800,67,-51,-23,1,0,0,0
2,1,1,28510,805,-7,-13,1,10000,10000,0
2,1,1,19920,400,-15,-15,1,0,0,0
1,2,2,4530,98,-54,-72,1,0,0,0
1,1,1,11440,505,0,81,1,0,0,0
1,2,2,8550,205,-15,-11,1,0,0,0
2,2,1,36430,500,-31,-16,1,94000,90000,0
1,2,2,16060,335,83,74,1,0,0,0
1,1,1,19740,888,103,105,1,0,0,0
1,1,1,14580,321,-60,-47,1,0,0,0
2,1,1,54070,696,56,26,1,0,0,0
1,1,1,298230,916,9,-2,1,0,0,0
1,2,1,36250,361,42,-28,1,0,0,0
1,2,2,25710,258,-74,-74,1,7000,7000,0
1,1,2,16410,32,51,-20,1,0,0,0
2,1,1,38530,1232,3,18,1,700,700,0
1,1,1,41410,630,38,29,1,0,0,0
1,2,1,15190,367,-39,-18,1,0,0,0
1,1,1,927530,1777,-32,-32,1,3000,3000,0
1,2,2,8190,64,-11,36,1,0,0,0
1,1,2,7530,32,12,-20,1,0,0,0
1,1,1,69070,505,-4,35,1,5700,2000,0
2,1,2,6940,186,-39,-17,1,2000,2000,0
1,2,1,9970,323,-62,-33,1,0,0,0
2,1,1,27900,1158,-25,11,1,0,0,0
1,1,2,4190,25,22,-38,1,0,0,0
1,2,1,20610,670,-41,-36,1,0,0,0
1,1,1,50840,719,46,32,1,7000,7000,0
1,2,1,30180,375,8,-22,1,2000,2000,0
1,1,2,30130,82,65,57,1,500,200,0
1,1,1,12250,342,-64,-41,1,0,0,0
2,1,1,39660,325,42,54,1,34000,30000,0
1,2,1,66640,155,-13,-13,1,400,400,0
2,2,1,18490,451,-34,-4,1,0,0,0
2,2,1,924910,1869,-14,-19,1,0,0,0
2,1,1,17170,356,-46,-19,1,500,500,0
2,1,1,60730,797,110,1,1,3600,3000,0
1,1,2,2520,83,-85,-75,1,0,0,0
1,1,2,7020,98,-44,-61,1,0,0,0
1,1,1,53900,320,-36,-20,1,4000,2000,0
1,2,2,3020,29,-53,-40,1,0,0,0
2,2,2,26360,459,154,21,2,700,500,0
1,2,1,104410,631,54,50,1,1600,1000,0
2,2,1,82030,349,681,57,2,1300,600,0
1,1,1,22140,190,-2,-53,1,2000,2000,0
2,1,1,16470,668,-57,-38,1,0,0,0
2,2,1,69450,1412,137,185,2,0,0,0
1,1,1,8820,243,50,-5,1,0,0,0
1,1,1,8880,309,-48,-44,1,0,0,0
1,1,2,147520,472,-2,-6,1,0,0,0
2,3,1,52690,684,16,-2,2,2000,2000,0
1,1,1,15380,418,37,50,1,0,0,0
1,1,1,34820,270,-22,-6,1,300,300,0
1,1,1,66680,430,-17,9,1,5400,5000,0
1,2,2,21510,290,72,16,1,3000,3000,0
1,1,1,51950,144,-44,-17,1,3000,2000,0
1,2,2,22930,328,88,36,1,0,0,0
2,2,2,48590,134,28,84,2,20000,20000,0
1,2,1,34360,604,40,44,1,0,0,0
1,1,2,2720,23,-34,-42,1,0,0,0
2,2,1,176830,1297,54,56,1,36200,30000,0
1,1,1,10730,542,16,30,1,0,0,0
1,2,1,23040,392,-10,-22,1,0,0,0
1,2,1,46080,942,146,87,1,0,0,0
1,1,2,1150,22,-88,-73,1,100,100,0
1,2,2,27490,55,39,11,1,0,0,0
1,1,1,20570,346,-7,-6,1,0,0,0
1,1,1,26450,529,12,3,1,0,0,0
1,1,1,33900,682,7,29,1,0,0,0
1,1,1,1988970,3697,78,57,1,0,0,0
1,3,1,1124850,2153,37,39,1,3900,2000,0
1,2,1,24650,391,-30,-30,1,0,0,0
1,1,2,850,6,-85,-90,1,0,0,0
2,2,1,20140,248,-43,-57,1,3000,3000,0
1,1,2,5280,232,-43,5,1,0,0,0
1,2,1,24570,327,-4,-35,1,0,0,0
2,2,1,26370,524,73,119,1,30000,30000,0
1,1,2,8440,261,-30,6,1,0,0,0
2,2,2,11540,285,-8,14,1,0,0,0
1,1,2,71840,255,54,28,1,6000,6000,0
1,2,2,29560,112,22,103,2,0,0,0
1,1,2,8460,252,-18,-28,1,200,200,0
2,1,1,45070,1016,214,145,1,0,0,0
2,2,1,12850,193,-51,-60,1,0,0,0
1,1,1,16290,463,-4,-17,1,20000,20000,0
1,3,1,52680,985,33,60,3,3000,3000,0
1,2,2,348780,723,-23,4,1,300,300,0
2,3,1,84510,1049,87,51,2,200,200,0
2,1,2,9340,148,-18,-34,1,0,0,0
2,1,2,12380,126,-56,-35,1,70000,70000,0
1,2,2,7780,291,-17,-7,1,0,0,0
1,1,1,53590,527,68,24,1,900,900,0
2,2,1,49420,819,-2,12,1,0,0,0
1,2,1,42470,326,26,42,1,1200,700,0
2,2,1,19290,859,-51,-25,1,200,200,0
2,2,1,9090,511,-51,4,1,0,0,0
1,1,1,49480,579,42,6,1,0,0,0
1,2,1,132520,1174,-31,-39,1,200,200,0
1,1,1,320150,1012,-58,-42,1,5000,3000,0
1,1,1,42140,525,187,72,1,5000,5000,0
1,2,2,5660,118,59,95,1,0,0,0
1,3,1,27950,702,-31,10,3,0,0,0
2,2,1,26880,317,6,-22,1,0,0,0
1,1,2,6500,67,-87,-87,1,0,0,0
1,1,1,154470,263,-21,-24,1,8400,6000,0
2,1,1,7340,166,-53,-54,1,0,0,0
1,1,2,11710,70,-72,-47,1,4000,4000,0
1,1,1,13690,147,-66,-67,1,3300,3000,0
1,1,1,11720,178,-39,-47,1,700,700,0
1,1,1,5600,119,-63,-63,1,0,0,0
1,1,2,2920,20,-7,-50,1,0,0,0
1,2,1,21860,283,39,14,1,4000,4000,0
2,2,2,20620,808,105,132,1,0,0,0
2,1,2,11700,181,15,-4,1,0,0,0
1,1,1,20090,74,-78,-62,1,0,0,0
1,2,1,32830,1134,17,75,2,0,0,0
1,1,2,280830,689,94,39,1,3000,3000,0
2,2,1,17720,266,-32,-45,1,0,0,0
1,1,1,93020,2422,158,140,1,600,600,0
2,1,1,92450,777,15,24,1,27600,10000,0
1,2,1,22710,481,191,166,1,0,0,0
1,2,1,33540,570,-6,34,1,0,0,0
2,1,1,23260,483,-22,8,1,0,0,0
2,1,2,26510,445,155,17,1,900,900,0
2,1,1,25400,810,19,31,1,0,0,0
1,1,2,6260,268,-33,-11,1,0,0,0
1,2,2,6010,329,-36,5,1,0,0,0
1,1,2,4120,23,-67,-52,1,0,0,0
2,2,1,40620,398,56,-18,1,0,0,1
1,1,1,21760,250,-54,-48,1,600,400,1
1,1,1,509190,1758,-45,-15,1,2300,2000,1
2,2,1,34960,565,-27,2,1,14200,7000,1
1,2,1,64380,844,94,57,1,4200,3000,1
1,2,1,1061760,1443,-3,0,1,3000,3000,1
2,1,1,401730,1329,-32,-31,1,91700,90000,1
2,2,1,31620,208,-64,-45,1,40400,40000,1
1,1,1,20760,324,41,6,1,400,400,1
2,1,1,192650,1185,-8,-14,1,27100,20000,1
1,1,2,65250,450,-74,-70,1,0,0,1
1,1,1,1034700,1837,33,-6,1,2000,2000,1
2,1,1,58850,679,113,-20,1,1300,800,1
2,1,1,394660,1764,-2,8,1,35900,30000,1
2,2,2,10370,134,-44,-6,1,6300,4000,1
2,2,1,61620,1211,176,104,1,0,0,1
2,1,1,11230,103,-65,-68,1,25200,20000,1
2,2,1,588930,1807,-50,-2,1,4000,4000,1
1,2,1,44770,770,-22,2,1,1000,1000,1
1,1,2,6040,112,-44,-24,1,2400,2000,1
1,1,1,127360,351,-54,-53,1,700,700,1
2,1,1,29500,794,119,106,1,0,0,1
1,2,2,52000,134,44,97,1,0,0,1
2,2,1,60390,622,96,96,1,40600,20000,1
2,1,1,609620,2344,11,-22,1,900,500,1
2,1,1,49510,521,89,27,1,0,0,1
2,1,1,557510,1946,5,8,1,5800,5000,1
2,1,1,206610,1421,-7,1,1,4200,4000,1
1,1,1,79240,1381,124,47,1,0,0,1
2,1,1,649840,2256,6,17,1,8400,7000,1
2,1,1,788650,2361,18,17,1,6100,5000,1
1,1,1,17670,538,4,-3,1,0,0,1
1,2,1,32690,380,-31,-5,1,1100,700,1
1,1,1,20380,162,-58,-59,1,4700,4000,1
2,2,1,13740,218,-55,-42,1,0,0,1
2,1,1,320110,1844,54,35,1,20600,20000,1
1,2,1,31390,376,-7,18,1,6000,4000,1
2,2,1,92780,1256,173,172,2,23500,20000,1
2,1,1,167100,1690,-7,-6,1,7000,7000,1
1,1,2,1620,55,-85,-72,1,0,0,1
1,1,2,7290,185,-20,0,1,0,0,1
1,1,1,55730,387,-89,-87,1,9600,8000,1
2,2,1,46640,1439,88,116,1,0,0,1
1,2,1,17660,224,-41,-27,1,9900,4000,1
2,2,1,61140,306,22,-69,1,89400,80000,1
1,2,1,820600,3506,92,97,1,8700,8000,1
2,2,1,49120,485,96,-3,1,0,0,1
2,1,1,20860,470,180,131,1,0,0,1
1,1,1,40070,501,16,-11,1,0,0,1
2,2,1,54610,527,95,84,1,14700,4000,1
1,1,2,9070,195,-11,4,1,0,0,1
2,1,1,127110,1140,-12,-9,1,22600,20000,1
2,1,1,20550,381,-37,-26,1,0,0,1
2,2,1,122410,902,8,9,1,3600,3000,1
1,1,1,1766860,2899,32,18,1,0,0,1
2,2,1,19680,288,121,37,2,0,0,1
1,1,2,384230,751,4,6,1,9700,6000,1
2,1,1,59360,1033,107,31,1,2400,2000,1
1,1,1,189840,1276,-50,-45,1,17900,7000,1
1,1,1,268170,1352,-41,-35,1,400,400,1
1,1,2,7570,69,69,67,1,5000,5000,1
1,2,2,1860,33,-78,-30,1,4000,4000,1
2,1,1,577770,2765,27,38,1,2000,2000,1
1,2,1,546980,2212,-3,-7,1,100,100,1
1,2,1,1514120,1518,28,12,1,1900,1000,1
2,2,1,690550,3915,28,29,1,34400,30000,1
2,1,2,3250,68,-67,-54,1,30000,30000,1
1,3,1,67230,1155,57,75,2,3500,3000,1
2,1,1,166220,1762,7,20,1,0,0,1
1,1,1,29150,259,0,18,1,600,600,1
1,2,1,14990,185,-49,-51,1,4500,4000,1
1,1,1,77740,758,182,57,1,1200,1000,1
1,1,1,46540,729,69,51,1,300,300,1
1,1,1,69660,362,-10,-8,1,800,500,1
2,2,1,1132810,1893,-14,34,1,7000,3000,1
1,1,1,18590,320,-34,-31,1,0,0,1
2,1,1,254750,2932,50,66,1,2000,2000,1
1,1,1,538060,2075,-5,-11,1,900,700,1
1,1,1,34600,389,-13,6,1,15000,8000,1
1,2,1,66030,812,112,52,1,0,0,1
2,2,1,55200,1259,35,9,1,4000,4000,1
2,2,1,754760,2218,30,15,1,3200,3000,1
2,2,1,39700,805,-17,5,1,8700,5000,1
2,1,1,27320,453,17,-4,1,0,0,1
1,2,1,35450,567,6,8,1,600,500,1
2,1,1,26210,619,-20,20,1,0,0,1
1,3,1,95180,1144,122,73,2,27000,20000,1
2,2,1,29410,345,-6,7,1,114400,70000,1
1,3,1,83180,744,-32,-19,1,14600,9000,1
2,2,1,83490,898,-49,-37,2,100300,100000,1
2,1,1,122850,886,-58,-52,1,6900,6000,1
2,1,1,36410,646,152,142,1,0,0,1
2,2,1,36100,285,-14,-19,1,14300,9000,1
2,1,1,91510,768,-78,-69,1,5900,5000,1
1,1,1,54150,307,-46,-35,1,800,300,1
1,1,1,447360,1332,-37,-33,1,8400,8000,1
2,2,1,68970,624,71,94,1,34400,20000,1
1,2,1,34350,462,15,5,1,0,0,1
2,2,1,21060,588,-37,-36,2,0,0,1
2,1,1,199030,1255,-30,-45,1,700,400,1
1,2,1,32920,363,32,-27,1,0,0,1
1,2,1,715540,1471,-13,-4,1,900,600,1
1,1,1,122640,979,10,21,1,9200,6000,1
1,1,1,48560,726,105,58,1,0,0,1
1,1,1,25200,318,-20,-40,1,1000,1000,1
1,1,1,32810,524,-3,-2,1,0,0,1
1,1,1,107100,1003,-28,-21,1,1600,600,1
1,1,1,50090,699,-5,19,1,12600,7000,1
1,1,1,18960,178,-38,-47,1,5800,5000,1
1,2,1,81410,441,-19,-56,1,10200,9000,1
2,2,1,108750,384,96,-56,1,6200,3000,1
1,2,1,31800,769,295,313,2,0,0,1
1,1,1,28000,572,115,119,1,0,0,1
2,1,1,568200,1834,-16,-7,1,32700,30000,1
1,2,2,19320,320,106,118,2,2300,2000,1
2,2,1,306400,2522,112,98,2,31000,30000,1
2,1,1,372470,1848,-35,-22,1,70000,60000,1
2,1,1,40200,334,45,59,1,900,900,1
2,1,1,29900,665,-50,-31,1,900,900,1
